file,line,type,commit,author,date,time,timezone,datetime,depth,length
style.css,1,css,992c5a0,orginalbusta,2025-10-24,16:48:05,-07:00,2025-10-24T16:48:05-07:00,0,41
style.css,2,css,992c5a0,orginalbusta,2025-10-24,16:48:05,-07:00,2025-10-24T16:48:05-07:00,0,5
style.css,3,css,992c5a0,orginalbusta,2025-10-24,16:48:05,-07:00,2025-10-24T16:48:05-07:00,2,31
style.css,4,css,992c5a0,orginalbusta,2025-10-24,16:48:05,-07:00,2025-10-24T16:48:05-07:00,2,40
style.css,5,css,992c5a0,orginalbusta,2025-10-24,16:48:05,-07:00,2025-10-24T16:48:05-07:00,2,23
style.css,6,css,992c5a0,orginalbusta,2025-10-24,16:48:05,-07:00,2025-10-24T16:48:05-07:00,0,0
style.css,7,css,992c5a0,orginalbusta,2025-10-24,16:48:05,-07:00,2025-10-24T16:48:05-07:00,0,0
style.css,8,css,992c5a0,orginalbusta,2025-10-24,16:48:05,-07:00,2025-10-24T16:48:05-07:00,0,4
style.css,9,css,992c5a0,orginalbusta,2025-10-24,16:48:05,-07:00,2025-10-24T16:48:05-07:00,2,16
style.css,10,css,992c5a0,orginalbusta,2025-10-24,16:48:05,-07:00,2025-10-24T16:48:05-07:00,2,23
style.css,11,css,992c5a0,orginalbusta,2025-10-24,16:48:05,-07:00,2025-10-24T16:48:05-07:00,0,0
style.css,12,css,992c5a0,orginalbusta,2025-10-24,16:48:05,-07:00,2025-10-24T16:48:05-07:00,2,29
style.css,13,css,992c5a0,orginalbusta,2025-10-24,16:48:05,-07:00,2025-10-24T16:48:05-07:00,2,15
style.css,14,css,992c5a0,orginalbusta,2025-10-24,16:48:05,-07:00,2025-10-24T16:48:05-07:00,2,0
style.css,15,css,992c5a0,orginalbusta,2025-10-24,16:48:05,-07:00,2025-10-24T16:48:05-07:00,2,17
style.css,16,css,992c5a0,orginalbusta,2025-10-24,16:48:05,-07:00,2025-10-24T16:48:05-07:00,2,42
style.css,17,css,992c5a0,orginalbusta,2025-10-24,16:48:05,-07:00,2025-10-24T16:48:05-07:00,0,0
style.css,18,css,992c5a0,orginalbusta,2025-10-24,16:48:05,-07:00,2025-10-24T16:48:05-07:00,2,48
style.css,19,css,992c5a0,orginalbusta,2025-10-24,16:48:05,-07:00,2025-10-24T16:48:05-07:00,2,32
style.css,20,css,992c5a0,orginalbusta,2025-10-24,16:48:05,-07:00,2025-10-24T16:48:05-07:00,0,0
style.css,21,css,992c5a0,orginalbusta,2025-10-24,16:48:05,-07:00,2025-10-24T16:48:05-07:00,0,0
style.css,22,css,992c5a0,orginalbusta,2025-10-24,16:48:05,-07:00,2025-10-24T16:48:05-07:00,0,59
style.css,23,css,992c5a0,orginalbusta,2025-10-24,16:48:05,-07:00,2025-10-24T16:48:05-07:00,0,5
style.css,24,css,992c5a0,orginalbusta,2025-10-24,16:48:05,-07:00,2025-10-24T16:48:05-07:00,0,6
style.css,25,css,992c5a0,orginalbusta,2025-10-24,16:48:05,-07:00,2025-10-24T16:48:05-07:00,2,16
style.css,26,css,992c5a0,orginalbusta,2025-10-24,16:48:05,-07:00,2025-10-24T16:48:05-07:00,0,0
style.css,27,css,992c5a0,orginalbusta,2025-10-24,16:48:05,-07:00,2025-10-24T16:48:05-07:00,0,0
style.css,28,css,992c5a0,orginalbusta,2025-10-24,16:48:05,-07:00,2025-10-24T16:48:05-07:00,0,35
style.css,29,css,992c5a0,orginalbusta,2025-10-24,16:48:05,-07:00,2025-10-24T16:48:05-07:00,0,3
style.css,30,css,992c5a0,orginalbusta,2025-10-24,16:48:05,-07:00,2025-10-24T16:48:05-07:00,2,42
style.css,31,css,992c5a0,orginalbusta,2025-10-24,16:48:05,-07:00,2025-10-24T16:48:05-07:00,2,39
style.css,32,css,992c5a0,orginalbusta,2025-10-24,16:48:05,-07:00,2025-10-24T16:48:05-07:00,2,0
style.css,33,css,992c5a0,orginalbusta,2025-10-24,16:48:05,-07:00,2025-10-24T16:48:05-07:00,2,12
style.css,34,css,992c5a0,orginalbusta,2025-10-24,16:48:05,-07:00,2025-10-24T16:48:05-07:00,2,19
style.css,35,css,992c5a0,orginalbusta,2025-10-24,16:48:05,-07:00,2025-10-24T16:48:05-07:00,2,38
style.css,36,css,992c5a0,orginalbusta,2025-10-24,16:48:05,-07:00,2025-10-24T16:48:05-07:00,2,43
style.css,37,css,992c5a0,orginalbusta,2025-10-24,16:48:05,-07:00,2025-10-24T16:48:05-07:00,0,0
style.css,38,css,992c5a0,orginalbusta,2025-10-24,16:48:05,-07:00,2025-10-24T16:48:05-07:00,0,0
style.css,39,css,992c5a0,orginalbusta,2025-10-24,16:48:05,-07:00,2025-10-24T16:48:05-07:00,0,45
style.css,40,css,992c5a0,orginalbusta,2025-10-24,16:48:05,-07:00,2025-10-24T16:48:05-07:00,0,5
style.css,41,css,992c5a0,orginalbusta,2025-10-24,16:48:05,-07:00,2025-10-24T16:48:05-07:00,2,6
style.css,42,css,992c5a0,orginalbusta,2025-10-24,16:48:05,-07:00,2025-10-24T16:48:05-07:00,2,48
style.css,43,css,992c5a0,orginalbusta,2025-10-24,16:48:05,-07:00,2025-10-24T16:48:05-07:00,2,20
style.css,44,css,992c5a0,orginalbusta,2025-10-24,16:48:05,-07:00,2025-10-24T16:48:05-07:00,2,13
style.css,45,css,992c5a0,orginalbusta,2025-10-24,16:48:05,-07:00,2025-10-24T16:48:05-07:00,2,25
style.css,46,css,992c5a0,orginalbusta,2025-10-24,16:48:05,-07:00,2025-10-24T16:48:05-07:00,2,17
style.css,47,css,992c5a0,orginalbusta,2025-10-24,16:48:05,-07:00,2025-10-24T16:48:05-07:00,2,25
style.css,48,css,992c5a0,orginalbusta,2025-10-24,16:48:05,-07:00,2025-10-24T16:48:05-07:00,2,13
style.css,49,css,992c5a0,orginalbusta,2025-10-24,16:48:05,-07:00,2025-10-24T16:48:05-07:00,0,0
style.css,50,css,992c5a0,orginalbusta,2025-10-24,16:48:05,-07:00,2025-10-24T16:48:05-07:00,0,0
style.css,51,css,992c5a0,orginalbusta,2025-10-24,16:48:05,-07:00,2025-10-24T16:48:05-07:00,0,41
style.css,52,css,992c5a0,orginalbusta,2025-10-24,16:48:05,-07:00,2025-10-24T16:48:05-07:00,0,13
style.css,53,css,992c5a0,orginalbusta,2025-10-24,16:48:05,-07:00,2025-10-24T16:48:05-07:00,2,45
style.css,54,css,992c5a0,orginalbusta,2025-10-24,16:48:05,-07:00,2025-10-24T16:48:05-07:00,2,54
style.css,55,css,992c5a0,orginalbusta,2025-10-24,16:48:05,-07:00,2025-10-24T16:48:05-07:00,2,34
style.css,56,css,992c5a0,orginalbusta,2025-10-24,16:48:05,-07:00,2025-10-24T16:48:05-07:00,0,0
style.css,57,css,992c5a0,orginalbusta,2025-10-24,16:48:05,-07:00,2025-10-24T16:48:05-07:00,0,0
style.css,58,css,992c5a0,orginalbusta,2025-10-24,16:48:05,-07:00,2025-10-24T16:48:05-07:00,0,44
style.css,59,css,992c5a0,orginalbusta,2025-10-24,16:48:05,-07:00,2025-10-24T16:48:05-07:00,0,11
style.css,60,css,992c5a0,orginalbusta,2025-10-24,16:48:05,-07:00,2025-10-24T16:48:05-07:00,2,45
style.css,61,css,992c5a0,orginalbusta,2025-10-24,16:48:05,-07:00,2025-10-24T16:48:05-07:00,2,34
style.css,62,css,992c5a0,orginalbusta,2025-10-24,16:48:05,-07:00,2025-10-24T16:48:05-07:00,2,55
style.css,63,css,992c5a0,orginalbusta,2025-10-24,16:48:05,-07:00,2025-10-24T16:48:05-07:00,2,69
style.css,64,css,992c5a0,orginalbusta,2025-10-24,16:48:05,-07:00,2025-10-24T16:48:05-07:00,0,0
style.css,65,css,992c5a0,orginalbusta,2025-10-24,16:48:05,-07:00,2025-10-24T16:48:05-07:00,0,0
style.css,66,css,992c5a0,orginalbusta,2025-10-24,16:48:05,-07:00,2025-10-24T16:48:05-07:00,0,28
style.css,67,css,992c5a0,orginalbusta,2025-10-24,16:48:05,-07:00,2025-10-24T16:48:05-07:00,0,22
style.css,68,css,992c5a0,orginalbusta,2025-10-24,16:48:05,-07:00,2025-10-24T16:48:05-07:00,2,15
style.css,69,css,992c5a0,orginalbusta,2025-10-24,16:48:05,-07:00,2025-10-24T16:48:05-07:00,2,17
style.css,70,css,992c5a0,orginalbusta,2025-10-24,16:48:05,-07:00,2025-10-24T16:48:05-07:00,0,0
style.css,71,css,992c5a0,orginalbusta,2025-10-24,16:48:05,-07:00,2025-10-24T16:48:05-07:00,0,0
style.css,72,css,992c5a0,orginalbusta,2025-10-24,16:48:05,-07:00,2025-10-24T16:48:05-07:00,0,2
style.css,73,css,992c5a0,orginalbusta,2025-10-24,16:48:05,-07:00,2025-10-24T16:48:05-07:00,2,14
style.css,74,css,992c5a0,orginalbusta,2025-10-24,16:48:05,-07:00,2025-10-24T16:48:05-07:00,2,15
style.css,75,css,992c5a0,orginalbusta,2025-10-24,16:48:05,-07:00,2025-10-24T16:48:05-07:00,0,0
style.css,76,css,992c5a0,orginalbusta,2025-10-24,16:48:05,-07:00,2025-10-24T16:48:05-07:00,0,0
style.css,77,css,992c5a0,orginalbusta,2025-10-24,16:48:05,-07:00,2025-10-24T16:48:05-07:00,0,6
style.css,78,css,992c5a0,orginalbusta,2025-10-24,16:48:05,-07:00,2025-10-24T16:48:05-07:00,2,15
style.css,79,css,992c5a0,orginalbusta,2025-10-24,16:48:05,-07:00,2025-10-24T16:48:05-07:00,0,0
style.css,80,css,992c5a0,orginalbusta,2025-10-24,16:48:05,-07:00,2025-10-24T16:48:05-07:00,0,0
style.css,81,css,992c5a0,orginalbusta,2025-10-24,16:48:05,-07:00,2025-10-24T16:48:05-07:00,0,12
style.css,82,css,992c5a0,orginalbusta,2025-10-24,16:48:05,-07:00,2025-10-24T16:48:05-07:00,2,8
style.css,83,css,992c5a0,orginalbusta,2025-10-24,16:48:05,-07:00,2025-10-24T16:48:05-07:00,0,0
style.css,84,css,992c5a0,orginalbusta,2025-10-24,16:48:05,-07:00,2025-10-24T16:48:05-07:00,0,0
style.css,85,css,992c5a0,orginalbusta,2025-10-24,16:48:05,-07:00,2025-10-24T16:48:05-07:00,0,47
style.css,86,css,992c5a0,orginalbusta,2025-10-24,16:48:05,-07:00,2025-10-24T16:48:05-07:00,0,13
style.css,87,css,992c5a0,orginalbusta,2025-10-24,16:48:05,-07:00,2025-10-24T16:48:05-07:00,2,17
style.css,88,css,992c5a0,orginalbusta,2025-10-24,16:48:05,-07:00,2025-10-24T16:48:05-07:00,2,8
style.css,89,css,992c5a0,orginalbusta,2025-10-24,16:48:05,-07:00,2025-10-24T16:48:05-07:00,2,10
style.css,90,css,992c5a0,orginalbusta,2025-10-24,16:48:05,-07:00,2025-10-24T16:48:05-07:00,2,13
style.css,91,css,992c5a0,orginalbusta,2025-10-24,16:48:05,-07:00,2025-10-24T16:48:05-07:00,0,0
style.css,92,css,992c5a0,orginalbusta,2025-10-24,16:48:05,-07:00,2025-10-24T16:48:05-07:00,0,0
style.css,93,css,992c5a0,orginalbusta,2025-10-24,16:48:05,-07:00,2025-10-24T16:48:05-07:00,0,46
style.css,94,css,992c5a0,orginalbusta,2025-10-24,16:48:05,-07:00,2025-10-24T16:48:05-07:00,0,14
style.css,95,css,992c5a0,orginalbusta,2025-10-24,16:48:05,-07:00,2025-10-24T16:48:05-07:00,2,12
style.css,96,css,992c5a0,orginalbusta,2025-10-24,16:48:05,-07:00,2025-10-24T16:48:05-07:00,0,0
style.css,97,css,992c5a0,orginalbusta,2025-10-24,16:48:05,-07:00,2025-10-24T16:48:05-07:00,0,0
style.css,98,css,992c5a0,orginalbusta,2025-10-24,16:48:05,-07:00,2025-10-24T16:48:05-07:00,0,17
style.css,99,css,992c5a0,orginalbusta,2025-10-24,16:48:05,-07:00,2025-10-24T16:48:05-07:00,2,12
style.css,100,css,992c5a0,orginalbusta,2025-10-24,16:48:05,-07:00,2025-10-24T16:48:05-07:00,2,36
style.css,101,css,992c5a0,orginalbusta,2025-10-24,16:48:05,-07:00,2025-10-24T16:48:05-07:00,2,9
style.css,102,css,992c5a0,orginalbusta,2025-10-24,16:48:05,-07:00,2025-10-24T16:48:05-07:00,2,8
style.css,103,css,992c5a0,orginalbusta,2025-10-24,16:48:05,-07:00,2025-10-24T16:48:05-07:00,0,0
style.css,104,css,992c5a0,orginalbusta,2025-10-24,16:48:05,-07:00,2025-10-24T16:48:05-07:00,0,0
style.css,105,css,992c5a0,orginalbusta,2025-10-24,16:48:05,-07:00,2025-10-24T16:48:05-07:00,0,17
style.css,106,css,992c5a0,orginalbusta,2025-10-24,16:48:05,-07:00,2025-10-24T16:48:05-07:00,2,10
style.css,107,css,992c5a0,orginalbusta,2025-10-24,16:48:05,-07:00,2025-10-24T16:48:05-07:00,2,16
style.css,108,css,992c5a0,orginalbusta,2025-10-24,16:48:05,-07:00,2025-10-24T16:48:05-07:00,2,17
style.css,109,css,992c5a0,orginalbusta,2025-10-24,16:48:05,-07:00,2025-10-24T16:48:05-07:00,0,0
style.css,110,css,992c5a0,orginalbusta,2025-10-24,16:48:05,-07:00,2025-10-24T16:48:05-07:00,0,0
style.css,111,css,992c5a0,orginalbusta,2025-10-24,16:48:05,-07:00,2025-10-24T16:48:05-07:00,0,17
style.css,112,css,992c5a0,orginalbusta,2025-10-24,16:48:05,-07:00,2025-10-24T16:48:05-07:00,2,10
style.css,113,css,992c5a0,orginalbusta,2025-10-24,16:48:05,-07:00,2025-10-24T16:48:05-07:00,2,8
style.css,114,css,992c5a0,orginalbusta,2025-10-24,16:48:05,-07:00,2025-10-24T16:48:05-07:00,2,17
style.css,115,css,992c5a0,orginalbusta,2025-10-24,16:48:05,-07:00,2025-10-24T16:48:05-07:00,2,15
style.css,116,css,992c5a0,orginalbusta,2025-10-24,16:48:05,-07:00,2025-10-24T16:48:05-07:00,2,25
style.css,117,css,992c5a0,orginalbusta,2025-10-24,16:48:05,-07:00,2025-10-24T16:48:05-07:00,0,0
style.css,118,css,992c5a0,orginalbusta,2025-10-24,16:48:05,-07:00,2025-10-24T16:48:05-07:00,0,0
style.css,119,css,992c5a0,orginalbusta,2025-10-24,16:48:05,-07:00,2025-10-24T16:48:05-07:00,0,32
style.css,120,css,992c5a0,orginalbusta,2025-10-24,16:48:05,-07:00,2025-10-24T16:48:05-07:00,0,0
style.css,121,css,992c5a0,orginalbusta,2025-10-24,16:48:05,-07:00,2025-10-24T16:48:05-07:00,0,45
style.css,122,css,992c5a0,orginalbusta,2025-10-24,16:48:05,-07:00,2025-10-24T16:48:05-07:00,0,4
style.css,123,css,992c5a0,orginalbusta,2025-10-24,16:48:05,-07:00,2025-10-24T16:48:05-07:00,0,7
style.css,124,css,992c5a0,orginalbusta,2025-10-24,16:48:05,-07:00,2025-10-24T16:48:05-07:00,0,5
style.css,125,css,992c5a0,orginalbusta,2025-10-24,16:48:05,-07:00,2025-10-24T16:48:05-07:00,0,6
style.css,126,css,992c5a0,orginalbusta,2025-10-24,16:48:05,-07:00,2025-10-24T16:48:05-07:00,2,12
style.css,127,css,992c5a0,orginalbusta,2025-10-24,16:48:05,-07:00,2025-10-24T16:48:05-07:00,0,0
style.css,128,css,992c5a0,orginalbusta,2025-10-24,16:48:05,-07:00,2025-10-24T16:48:05-07:00,0,0
style.css,129,css,992c5a0,orginalbusta,2025-10-24,16:48:05,-07:00,2025-10-24T16:48:05-07:00,0,34
style.css,130,css,992c5a0,orginalbusta,2025-10-24,16:48:05,-07:00,2025-10-24T16:48:05-07:00,0,4
style.css,131,css,992c5a0,orginalbusta,2025-10-24,16:48:05,-07:00,2025-10-24T16:48:05-07:00,2,12
style.css,132,css,992c5a0,orginalbusta,2025-10-24,16:48:05,-07:00,2025-10-24T16:48:05-07:00,2,30
style.css,133,css,992c5a0,orginalbusta,2025-10-24,16:48:05,-07:00,2025-10-24T16:48:05-07:00,2,7
style.css,134,css,992c5a0,orginalbusta,2025-10-24,16:48:05,-07:00,2025-10-24T16:48:05-07:00,0,0
style.css,135,css,992c5a0,orginalbusta,2025-10-24,16:48:05,-07:00,2025-10-24T16:48:05-07:00,0,0
style.css,136,css,992c5a0,orginalbusta,2025-10-24,16:48:05,-07:00,2025-10-24T16:48:05-07:00,0,50
style.css,137,css,992c5a0,orginalbusta,2025-10-24,16:48:05,-07:00,2025-10-24T16:48:05-07:00,0,10
style.css,138,css,992c5a0,orginalbusta,2025-10-24,16:48:05,-07:00,2025-10-24T16:48:05-07:00,2,12
style.css,139,css,992c5a0,orginalbusta,2025-10-24,16:48:05,-07:00,2025-10-24T16:48:05-07:00,2,29
style.css,140,css,992c5a0,orginalbusta,2025-10-24,16:48:05,-07:00,2025-10-24T16:48:05-07:00,2,18
style.css,141,css,992c5a0,orginalbusta,2025-10-24,16:48:05,-07:00,2025-10-24T16:48:05-07:00,0,0
style.css,142,css,992c5a0,orginalbusta,2025-10-24,16:48:05,-07:00,2025-10-24T16:48:05-07:00,0,0
style.css,143,css,992c5a0,orginalbusta,2025-10-24,16:48:05,-07:00,2025-10-24T16:48:05-07:00,0,42
style.css,144,css,992c5a0,orginalbusta,2025-10-24,16:48:05,-07:00,2025-10-24T16:48:05-07:00,0,11
style.css,145,css,992c5a0,orginalbusta,2025-10-24,16:48:05,-07:00,2025-10-24T16:48:05-07:00,2,18
style.css,146,css,992c5a0,orginalbusta,2025-10-24,16:48:05,-07:00,2025-10-24T16:48:05-07:00,0,0
style.css,147,css,992c5a0,orginalbusta,2025-10-24,16:48:05,-07:00,2025-10-24T16:48:05-07:00,0,0
style.css,148,css,992c5a0,orginalbusta,2025-10-24,16:48:05,-07:00,2025-10-24T16:48:05-07:00,0,33
style.css,149,css,992c5a0,orginalbusta,2025-10-24,16:48:05,-07:00,2025-10-24T16:48:05-07:00,0,0
style.css,150,css,2262a3b8,orginalbusta,2025-10-31,15:17:10,-07:00,2025-10-31T15:17:10-07:00,0,32
style.css,151,css,2262a3b8,orginalbusta,2025-10-31,15:17:10,-07:00,2025-10-31T15:17:10-07:00,0,0
style.css,152,css,2262a3b8,orginalbusta,2025-10-31,15:17:10,-07:00,2025-10-31T15:17:10-07:00,0,61
style.css,153,css,2262a3b8,orginalbusta,2025-10-31,15:17:10,-07:00,2025-10-31T15:17:10-07:00,0,10
style.css,154,css,2262a3b8,orginalbusta,2025-10-31,15:17:10,-07:00,2025-10-31T15:17:10-07:00,2,12
style.css,155,css,2262a3b8,orginalbusta,2025-10-31,15:17:10,-07:00,2025-10-31T15:17:10-07:00,2,18
style.css,156,css,2262a3b8,orginalbusta,2025-10-31,15:17:10,-07:00,2025-10-31T15:17:10-07:00,2,7
style.css,157,css,2262a3b8,orginalbusta,2025-10-31,15:17:10,-07:00,2025-10-31T15:17:10-07:00,2,16
style.css,158,css,2262a3b8,orginalbusta,2025-10-31,15:17:10,-07:00,2025-10-31T15:17:10-07:00,0,0
style.css,159,css,2262a3b8,orginalbusta,2025-10-31,15:17:10,-07:00,2025-10-31T15:17:10-07:00,0,0
style.css,160,css,2262a3b8,orginalbusta,2025-10-31,15:17:10,-07:00,2025-10-31T15:17:10-07:00,0,18
style.css,161,css,2262a3b8,orginalbusta,2025-10-31,15:17:10,-07:00,2025-10-31T15:17:10-07:00,2,14
style.css,162,css,2262a3b8,orginalbusta,2025-10-31,15:17:10,-07:00,2025-10-31T15:17:10-07:00,2,16
style.css,163,css,2262a3b8,orginalbusta,2025-10-31,15:17:10,-07:00,2025-10-31T15:17:10-07:00,0,0
style.css,164,css,2262a3b8,orginalbusta,2025-10-31,15:17:10,-07:00,2025-10-31T15:17:10-07:00,0,0
style.css,165,css,2262a3b8,orginalbusta,2025-10-31,15:17:10,-07:00,2025-10-31T15:17:10-07:00,0,47
style.css,166,css,2262a3b8,orginalbusta,2025-10-31,15:17:10,-07:00,2025-10-31T15:17:10-07:00,0,23
style.css,167,css,2262a3b8,orginalbusta,2025-10-31,15:17:10,-07:00,2025-10-31T15:17:10-07:00,2,16
style.css,168,css,2262a3b8,orginalbusta,2025-10-31,15:17:10,-07:00,2025-10-31T15:17:10-07:00,2,14
style.css,169,css,2262a3b8,orginalbusta,2025-10-31,15:17:10,-07:00,2025-10-31T15:17:10-07:00,0,0
style.css,170,css,2262a3b8,orginalbusta,2025-10-31,15:17:10,-07:00,2025-10-31T15:17:10-07:00,0,0
style.css,171,css,2262a3b8,orginalbusta,2025-10-31,15:17:10,-07:00,2025-10-31T15:17:10-07:00,0,51
style.css,172,css,2262a3b8,orginalbusta,2025-10-31,15:17:10,-07:00,2025-10-31T15:17:10-07:00,2,11
style.css,173,css,2262a3b8,orginalbusta,2025-10-31,15:17:10,-07:00,2025-10-31T15:17:10-07:00,0,0
style.css,174,css,2262a3b8,orginalbusta,2025-10-31,15:17:10,-07:00,2025-10-31T15:17:10-07:00,0,0
style.css,175,css,2262a3b8,orginalbusta,2025-10-31,15:17:10,-07:00,2025-10-31T15:17:10-07:00,0,42
style.css,176,css,2262a3b8,orginalbusta,2025-10-31,15:17:10,-07:00,2025-10-31T15:17:10-07:00,0,9
style.css,177,css,2262a3b8,orginalbusta,2025-10-31,15:17:10,-07:00,2025-10-31T15:17:10-07:00,2,35
style.css,178,css,2262a3b8,orginalbusta,2025-10-31,15:17:10,-07:00,2025-10-31T15:17:10-07:00,0,0
style.css,179,css,2262a3b8,orginalbusta,2025-10-31,15:17:10,-07:00,2025-10-31T15:17:10-07:00,0,0
style.css,180,css,2262a3b8,orginalbusta,2025-10-31,15:17:10,-07:00,2025-10-31T15:17:10-07:00,0,18
style.css,181,css,2262a3b8,orginalbusta,2025-10-31,15:17:10,-07:00,2025-10-31T15:17:10-07:00,2,28
style.css,182,css,2262a3b8,orginalbusta,2025-10-31,15:17:10,-07:00,2025-10-31T15:17:10-07:00,0,0
style.css,183,css,2262a3b8,orginalbusta,2025-10-31,15:17:10,-07:00,2025-10-31T15:17:10-07:00,0,0
style.css,184,css,2262a3b8,orginalbusta,2025-10-31,15:17:10,-07:00,2025-10-31T15:17:10-07:00,0,28
style.css,185,css,2262a3b8,orginalbusta,2025-10-31,15:17:10,-07:00,2025-10-31T15:17:10-07:00,0,7
style.css,186,css,2262a3b8,orginalbusta,2025-10-31,15:17:10,-07:00,2025-10-31T15:17:10-07:00,2,6
style.css,187,css,2262a3b8,orginalbusta,2025-10-31,15:17:10,-07:00,2025-10-31T15:17:10-07:00,2,12
style.css,188,css,2262a3b8,orginalbusta,2025-10-31,15:17:10,-07:00,2025-10-31T15:17:10-07:00,2,57
style.css,189,css,2262a3b8,orginalbusta,2025-10-31,15:17:10,-07:00,2025-10-31T15:17:10-07:00,2,7
style.css,190,css,2262a3b8,orginalbusta,2025-10-31,15:17:10,-07:00,2025-10-31T15:17:10-07:00,2,15
style.css,191,css,2262a3b8,orginalbusta,2025-10-31,15:17:10,-07:00,2025-10-31T15:17:10-07:00,2,11
style.css,192,css,2262a3b8,orginalbusta,2025-10-31,15:17:10,-07:00,2025-10-31T15:17:10-07:00,2,8
style.css,193,css,2262a3b8,orginalbusta,2025-10-31,15:17:10,-07:00,2025-10-31T15:17:10-07:00,2,62
style.css,194,css,2262a3b8,orginalbusta,2025-10-31,15:17:10,-07:00,2025-10-31T15:17:10-07:00,2,19
style.css,195,css,2262a3b8,orginalbusta,2025-10-31,15:17:10,-07:00,2025-10-31T15:17:10-07:00,0,0
style.css,196,css,2262a3b8,orginalbusta,2025-10-31,15:17:10,-07:00,2025-10-31T15:17:10-07:00,0,0
style.css,197,css,2262a3b8,orginalbusta,2025-10-31,15:17:10,-07:00,2025-10-31T15:17:10-07:00,0,12
style.css,198,css,2262a3b8,orginalbusta,2025-10-31,15:17:10,-07:00,2025-10-31T15:17:10-07:00,2,12
style.css,199,css,2262a3b8,orginalbusta,2025-10-31,15:17:10,-07:00,2025-10-31T15:17:10-07:00,2,18
style.css,200,css,2262a3b8,orginalbusta,2025-10-31,15:17:10,-07:00,2025-10-31T15:17:10-07:00,2,9
style.css,201,css,2262a3b8,orginalbusta,2025-10-31,15:17:10,-07:00,2025-10-31T15:17:10-07:00,0,0
style.css,202,css,2262a3b8,orginalbusta,2025-10-31,15:17:10,-07:00,2025-10-31T15:17:10-07:00,0,0
style.css,203,css,2262a3b8,orginalbusta,2025-10-31,15:17:10,-07:00,2025-10-31T15:17:10-07:00,0,7
style.css,204,css,2262a3b8,orginalbusta,2025-10-31,15:17:10,-07:00,2025-10-31T15:17:10-07:00,2,9
style.css,205,css,2262a3b8,orginalbusta,2025-10-31,15:17:10,-07:00,2025-10-31T15:17:10-07:00,2,10
style.css,206,css,2262a3b8,orginalbusta,2025-10-31,15:17:10,-07:00,2025-10-31T15:17:10-07:00,2,29
style.css,207,css,2262a3b8,orginalbusta,2025-10-31,15:17:10,-07:00,2025-10-31T15:17:10-07:00,2,20
style.css,208,css,2262a3b8,orginalbusta,2025-10-31,15:17:10,-07:00,2025-10-31T15:17:10-07:00,2,20
style.css,209,css,2262a3b8,orginalbusta,2025-10-31,15:17:10,-07:00,2025-10-31T15:17:10-07:00,0,0
style.css,210,css,2262a3b8,orginalbusta,2025-10-31,15:17:10,-07:00,2025-10-31T15:17:10-07:00,0,0
style.css,211,css,2262a3b8,orginalbusta,2025-10-31,15:17:10,-07:00,2025-10-31T15:17:10-07:00,0,36
style.css,212,css,2262a3b8,orginalbusta,2025-10-31,15:17:10,-07:00,2025-10-31T15:17:10-07:00,0,10
style.css,213,css,2262a3b8,orginalbusta,2025-10-31,15:17:10,-07:00,2025-10-31T15:17:10-07:00,2,10
style.css,214,css,2262a3b8,orginalbusta,2025-10-31,15:17:10,-07:00,2025-10-31T15:17:10-07:00,2,18
style.css,215,css,2262a3b8,orginalbusta,2025-10-31,15:17:10,-07:00,2025-10-31T15:17:10-07:00,2,13
style.css,216,css,2262a3b8,orginalbusta,2025-10-31,15:17:10,-07:00,2025-10-31T15:17:10-07:00,2,62
style.css,217,css,2262a3b8,orginalbusta,2025-10-31,15:17:10,-07:00,2025-10-31T15:17:10-07:00,2,19
style.css,218,css,2262a3b8,orginalbusta,2025-10-31,15:17:10,-07:00,2025-10-31T15:17:10-07:00,2,17
style.css,219,css,2262a3b8,orginalbusta,2025-10-31,15:17:10,-07:00,2025-10-31T15:17:10-07:00,2,23
style.css,220,css,2262a3b8,orginalbusta,2025-10-31,15:17:10,-07:00,2025-10-31T15:17:10-07:00,2,16
style.css,221,css,2262a3b8,orginalbusta,2025-10-31,15:17:10,-07:00,2025-10-31T15:17:10-07:00,0,0
style.css,222,css,2262a3b8,orginalbusta,2025-10-31,15:17:10,-07:00,2025-10-31T15:17:10-07:00,0,0
style.css,223,css,2262a3b8,orginalbusta,2025-10-31,15:17:10,-07:00,2025-10-31T15:17:10-07:00,0,16
style.css,224,css,2262a3b8,orginalbusta,2025-10-31,15:17:10,-07:00,2025-10-31T15:17:10-07:00,2,12
style.css,225,css,2262a3b8,orginalbusta,2025-10-31,15:17:10,-07:00,2025-10-31T15:17:10-07:00,2,32
style.css,226,css,2262a3b8,orginalbusta,2025-10-31,15:17:10,-07:00,2025-10-31T15:17:10-07:00,0,0
style.css,227,css,2262a3b8,orginalbusta,2025-10-31,15:17:10,-07:00,2025-10-31T15:17:10-07:00,0,0
style.css,228,css,992c5a0,orginalbusta,2025-10-24,16:48:05,-07:00,2025-10-24T16:48:05-07:00,0,36
style.css,229,css,992c5a0,orginalbusta,2025-10-24,16:48:05,-07:00,2025-10-24T16:48:05-07:00,0,9
style.css,230,css,992c5a0,orginalbusta,2025-10-24,16:48:05,-07:00,2025-10-24T16:48:05-07:00,2,12
style.css,231,css,992c5a0,orginalbusta,2025-10-24,16:48:05,-07:00,2025-10-24T16:48:05-07:00,2,58
style.css,232,css,992c5a0,orginalbusta,2025-10-24,16:48:05,-07:00,2025-10-24T16:48:05-07:00,2,7
style.css,233,css,992c5a0,orginalbusta,2025-10-24,16:48:05,-07:00,2025-10-24T16:48:05-07:00,0,0
style.css,234,css,992c5a0,orginalbusta,2025-10-24,16:48:05,-07:00,2025-10-24T16:48:05-07:00,0,0
style.css,235,css,992c5a0,orginalbusta,2025-10-24,16:48:05,-07:00,2025-10-24T16:48:05-07:00,0,43
style.css,236,css,992c5a0,orginalbusta,2025-10-24,16:48:05,-07:00,2025-10-24T16:48:05-07:00,0,17
style.css,237,css,992c5a0,orginalbusta,2025-10-24,16:48:05,-07:00,2025-10-24T16:48:05-07:00,2,12
style.css,238,css,992c5a0,orginalbusta,2025-10-24,16:48:05,-07:00,2025-10-24T16:48:05-07:00,2,26
style.css,239,css,992c5a0,orginalbusta,2025-10-24,16:48:05,-07:00,2025-10-24T16:48:05-07:00,2,15
style.css,240,css,992c5a0,orginalbusta,2025-10-24,16:48:05,-07:00,2025-10-24T16:48:05-07:00,0,0
style.css,241,css,992c5a0,orginalbusta,2025-10-24,16:48:05,-07:00,2025-10-24T16:48:05-07:00,0,0
style.css,242,css,992c5a0,orginalbusta,2025-10-24,16:48:05,-07:00,2025-10-24T16:48:05-07:00,0,29
style.css,243,css,992c5a0,orginalbusta,2025-10-24,16:48:05,-07:00,2025-10-24T16:48:05-07:00,0,15
style.css,244,css,992c5a0,orginalbusta,2025-10-24,16:48:05,-07:00,2025-10-24T16:48:05-07:00,2,8
style.css,245,css,992c5a0,orginalbusta,2025-10-24,16:48:05,-07:00,2025-10-24T16:48:05-07:00,2,15
style.css,246,css,992c5a0,orginalbusta,2025-10-24,16:48:05,-07:00,2025-10-24T16:48:05-07:00,2,16
style.css,247,css,992c5a0,orginalbusta,2025-10-24,16:48:05,-07:00,2025-10-24T16:48:05-07:00,2,25
style.css,248,css,992c5a0,orginalbusta,2025-10-24,16:48:05,-07:00,2025-10-24T16:48:05-07:00,2,11
style.css,249,css,992c5a0,orginalbusta,2025-10-24,16:48:05,-07:00,2025-10-24T16:48:05-07:00,0,0
style.css,250,css,992c5a0,orginalbusta,2025-10-24,16:48:05,-07:00,2025-10-24T16:48:05-07:00,0,0
style.css,251,css,992c5a0,orginalbusta,2025-10-24,16:48:05,-07:00,2025-10-24T16:48:05-07:00,0,26
style.css,252,css,992c5a0,orginalbusta,2025-10-24,16:48:05,-07:00,2025-10-24T16:48:05-07:00,0,13
style.css,253,css,992c5a0,orginalbusta,2025-10-24,16:48:05,-07:00,2025-10-24T16:48:05-07:00,2,10
style.css,254,css,992c5a0,orginalbusta,2025-10-24,16:48:05,-07:00,2025-10-24T16:48:05-07:00,2,11
style.css,255,css,992c5a0,orginalbusta,2025-10-24,16:48:05,-07:00,2025-10-24T16:48:05-07:00,0,0
style.css,256,css,992c5a0,orginalbusta,2025-10-24,16:48:05,-07:00,2025-10-24T16:48:05-07:00,0,0
style.css,257,css,992c5a0,orginalbusta,2025-10-24,16:48:05,-07:00,2025-10-24T16:48:05-07:00,0,29
style.css,258,css,992c5a0,orginalbusta,2025-10-24,16:48:05,-07:00,2025-10-24T16:48:05-07:00,0,0
style.css,259,css,992c5a0,orginalbusta,2025-10-24,16:48:05,-07:00,2025-10-24T16:48:05-07:00,0,45
style.css,260,css,992c5a0,orginalbusta,2025-10-24,16:48:05,-07:00,2025-10-24T16:48:05-07:00,0,13
style.css,261,css,992c5a0,orginalbusta,2025-10-24,16:48:05,-07:00,2025-10-24T16:48:05-07:00,2,17
style.css,262,css,992c5a0,orginalbusta,2025-10-24,16:48:05,-07:00,2025-10-24T16:48:05-07:00,2,13
style.css,263,css,992c5a0,orginalbusta,2025-10-24,16:48:05,-07:00,2025-10-24T16:48:05-07:00,2,43
style.css,264,css,992c5a0,orginalbusta,2025-10-24,16:48:05,-07:00,2025-10-24T16:48:05-07:00,2,19
style.css,265,css,992c5a0,orginalbusta,2025-10-24,16:48:05,-07:00,2025-10-24T16:48:05-07:00,0,0
style.css,266,css,992c5a0,orginalbusta,2025-10-24,16:48:05,-07:00,2025-10-24T16:48:05-07:00,0,0
style.css,267,css,992c5a0,orginalbusta,2025-10-24,16:48:05,-07:00,2025-10-24T16:48:05-07:00,0,16
style.css,268,css,992c5a0,orginalbusta,2025-10-24,16:48:05,-07:00,2025-10-24T16:48:05-07:00,2,20
style.css,269,css,992c5a0,orginalbusta,2025-10-24,16:48:05,-07:00,2025-10-24T16:48:05-07:00,2,25
style.css,270,css,992c5a0,orginalbusta,2025-10-24,16:48:05,-07:00,2025-10-24T16:48:05-07:00,0,0
style.css,271,css,992c5a0,orginalbusta,2025-10-24,16:48:05,-07:00,2025-10-24T16:48:05-07:00,0,0
style.css,272,css,992c5a0,orginalbusta,2025-10-24,16:48:05,-07:00,2025-10-24T16:48:05-07:00,0,15
style.css,273,css,992c5a0,orginalbusta,2025-10-24,16:48:05,-07:00,2025-10-24T16:48:05-07:00,2,15
style.css,274,css,992c5a0,orginalbusta,2025-10-24,16:48:05,-07:00,2025-10-24T16:48:05-07:00,0,0
style.css,275,css,992c5a0,orginalbusta,2025-10-24,16:48:05,-07:00,2025-10-24T16:48:05-07:00,0,0
style.css,276,css,992c5a0,orginalbusta,2025-10-24,16:48:05,-07:00,2025-10-24T16:48:05-07:00,0,22
style.css,277,css,992c5a0,orginalbusta,2025-10-24,16:48:05,-07:00,2025-10-24T16:48:05-07:00,0,5
style.css,278,css,992c5a0,orginalbusta,2025-10-24,16:48:05,-07:00,2025-10-24T16:48:05-07:00,2,33
style.css,279,css,992c5a0,orginalbusta,2025-10-24,16:48:05,-07:00,2025-10-24T16:48:05-07:00,2,11
style.css,280,css,992c5a0,orginalbusta,2025-10-24,16:48:05,-07:00,2025-10-24T16:48:05-07:00,2,44
style.css,281,css,992c5a0,orginalbusta,2025-10-24,16:48:05,-07:00,2025-10-24T16:48:05-07:00,2,12
style.css,282,css,992c5a0,orginalbusta,2025-10-24,16:48:05,-07:00,2025-10-24T16:48:05-07:00,0,0
style.css,283,css,992c5a0,orginalbusta,2025-10-24,16:48:05,-07:00,2025-10-24T16:48:05-07:00,0,0
style.css,284,css,992c5a0,orginalbusta,2025-10-24,16:48:05,-07:00,2025-10-24T16:48:05-07:00,0,19
style.css,285,css,992c5a0,orginalbusta,2025-10-24,16:48:05,-07:00,2025-10-24T16:48:05-07:00,0,7
style.css,286,css,992c5a0,orginalbusta,2025-10-24,16:48:05,-07:00,2025-10-24T16:48:05-07:00,2,17
style.css,287,css,992c5a0,orginalbusta,2025-10-24,16:48:05,-07:00,2025-10-24T16:48:05-07:00,0,0
style.css,288,css,992c5a0,orginalbusta,2025-10-24,16:48:05,-07:00,2025-10-24T16:48:05-07:00,0,0
style.css,289,css,992c5a0,orginalbusta,2025-10-24,16:48:05,-07:00,2025-10-24T16:48:05-07:00,0,20
style.css,290,css,992c5a0,orginalbusta,2025-10-24,16:48:05,-07:00,2025-10-24T16:48:05-07:00,0,10
style.css,291,css,992c5a0,orginalbusta,2025-10-24,16:48:05,-07:00,2025-10-24T16:48:05-07:00,2,25
style.css,292,css,992c5a0,orginalbusta,2025-10-24,16:48:05,-07:00,2025-10-24T16:48:05-07:00,2,41
style.css,293,css,992c5a0,orginalbusta,2025-10-24,16:48:05,-07:00,2025-10-24T16:48:05-07:00,2,21
style.css,294,css,992c5a0,orginalbusta,2025-10-24,16:48:05,-07:00,2025-10-24T16:48:05-07:00,0,0
style.css,295,css,992c5a0,orginalbusta,2025-10-24,16:48:05,-07:00,2025-10-24T16:48:05-07:00,0,0
style.css,296,css,992c5a0,orginalbusta,2025-10-24,16:48:05,-07:00,2025-10-24T16:48:05-07:00,0,39
style.css,297,css,992c5a0,orginalbusta,2025-10-24,16:48:05,-07:00,2025-10-24T16:48:05-07:00,0,10
style.css,298,css,992c5a0,orginalbusta,2025-10-24,16:48:05,-07:00,2025-10-24T16:48:05-07:00,2,20
style.css,299,css,992c5a0,orginalbusta,2025-10-24,16:48:05,-07:00,2025-10-24T16:48:05-07:00,0,0
style.css,300,css,992c5a0,orginalbusta,2025-10-24,16:48:05,-07:00,2025-10-24T16:48:05-07:00,0,0
style.css,301,css,992c5a0,orginalbusta,2025-10-24,16:48:05,-07:00,2025-10-24T16:48:05-07:00,0,17
style.css,302,css,992c5a0,orginalbusta,2025-10-24,16:48:05,-07:00,2025-10-24T16:48:05-07:00,0,4
style.css,303,css,992c5a0,orginalbusta,2025-10-24,16:48:05,-07:00,2025-10-24T16:48:05-07:00,2,17
style.css,304,css,992c5a0,orginalbusta,2025-10-24,16:48:05,-07:00,2025-10-24T16:48:05-07:00,2,21
style.css,305,css,992c5a0,orginalbusta,2025-10-24,16:48:05,-07:00,2025-10-24T16:48:05-07:00,0,0
style.css,306,css,992c5a0,orginalbusta,2025-10-24,16:48:05,-07:00,2025-10-24T16:48:05-07:00,0,0
style.css,307,css,992c5a0,orginalbusta,2025-10-24,16:48:05,-07:00,2025-10-24T16:48:05-07:00,0,9
style.css,308,css,992c5a0,orginalbusta,2025-10-24,16:48:05,-07:00,2025-10-24T16:48:05-07:00,0,2
style.css,309,css,992c5a0,orginalbusta,2025-10-24,16:48:05,-07:00,2025-10-24T16:48:05-07:00,2,14
style.css,310,css,992c5a0,orginalbusta,2025-10-24,16:48:05,-07:00,2025-10-24T16:48:05-07:00,2,18
style.css,311,css,992c5a0,orginalbusta,2025-10-24,16:48:05,-07:00,2025-10-24T16:48:05-07:00,0,0
style.css,312,css,992c5a0,orginalbusta,2025-10-24,16:48:05,-07:00,2025-10-24T16:48:05-07:00,0,0
style.css,313,css,992c5a0,orginalbusta,2025-10-24,16:48:05,-07:00,2025-10-24T16:48:05-07:00,0,2
style.css,314,css,992c5a0,orginalbusta,2025-10-24,16:48:05,-07:00,2025-10-24T16:48:05-07:00,2,15
style.css,315,css,992c5a0,orginalbusta,2025-10-24,16:48:05,-07:00,2025-10-24T16:48:05-07:00,0,0
style.css,316,css,992c5a0,orginalbusta,2025-10-24,16:48:05,-07:00,2025-10-24T16:48:05-07:00,0,0
style.css,317,css,992c5a0,orginalbusta,2025-10-24,16:48:05,-07:00,2025-10-24T16:48:05-07:00,0,10
style.css,318,css,992c5a0,orginalbusta,2025-10-24,16:48:05,-07:00,2025-10-24T16:48:05-07:00,0,6
style.css,319,css,992c5a0,orginalbusta,2025-10-24,16:48:05,-07:00,2025-10-24T16:48:05-07:00,2,17
style.css,320,css,992c5a0,orginalbusta,2025-10-24,16:48:05,-07:00,2025-10-24T16:48:05-07:00,2,14
style.css,321,css,992c5a0,orginalbusta,2025-10-24,16:48:05,-07:00,2025-10-24T16:48:05-07:00,2,15
style.css,322,css,992c5a0,orginalbusta,2025-10-24,16:48:05,-07:00,2025-10-24T16:48:05-07:00,2,38
style.css,323,css,992c5a0,orginalbusta,2025-10-24,16:48:05,-07:00,2025-10-24T16:48:05-07:00,2,21
style.css,324,css,992c5a0,orginalbusta,2025-10-24,16:48:05,-07:00,2025-10-24T16:48:05-07:00,0,0
index.js,1,js,992c5a0,orginalbusta,2025-10-24,16:48:05,-07:00,2025-10-24T16:48:05-07:00,0,51
index.js,2,js,992c5a0,orginalbusta,2025-10-24,16:48:05,-07:00,2025-10-24T16:48:05-07:00,0,71
index.js,3,js,992c5a0,orginalbusta,2025-10-24,16:48:05,-07:00,2025-10-24T16:48:05-07:00,0,0
index.js,4,js,992c5a0,orginalbusta,2025-10-24,16:48:05,-07:00,2025-10-24T16:48:05-07:00,0,46
index.js,5,js,992c5a0,orginalbusta,2025-10-24,16:48:05,-07:00,2025-10-24T16:48:05-07:00,0,86
index.js,6,js,992c5a0,orginalbusta,2025-10-24,16:48:05,-07:00,2025-10-24T16:48:05-07:00,1,2
index.js,7,js,992c5a0,orginalbusta,2025-10-24,16:48:05,-07:00,2025-10-24T16:48:05-07:00,1,13
index.js,8,js,992c5a0,orginalbusta,2025-10-24,16:48:05,-07:00,2025-10-24T16:48:05-07:00,0,0
index.js,9,js,992c5a0,orginalbusta,2025-10-24,16:48:05,-07:00,2025-10-24T16:48:05-07:00,0,38
index.js,10,js,992c5a0,orginalbusta,2025-10-24,16:48:05,-07:00,2025-10-24T16:48:05-07:00,0,65
index.js,11,js,992c5a0,orginalbusta,2025-10-24,16:48:05,-07:00,2025-10-24T16:48:05-07:00,0,0
index.js,12,js,992c5a0,orginalbusta,2025-10-24,16:48:05,-07:00,2025-10-24T16:48:05-07:00,0,58
index.js,13,js,992c5a0,orginalbusta,2025-10-24,16:48:05,-07:00,2025-10-24T16:48:05-07:00,0,42
index.js,14,js,992c5a0,orginalbusta,2025-10-24,16:48:05,-07:00,2025-10-24T16:48:05-07:00,0,0
index.js,15,js,992c5a0,orginalbusta,2025-10-24,16:48:05,-07:00,2025-10-24T16:48:05-07:00,0,47
index.js,16,js,992c5a0,orginalbusta,2025-10-24,16:48:05,-07:00,2025-10-24T16:48:05-07:00,0,60
index.js,17,js,992c5a0,orginalbusta,2025-10-24,16:48:05,-07:00,2025-10-24T16:48:05-07:00,0,0
index.js,18,js,992c5a0,orginalbusta,2025-10-24,16:48:05,-07:00,2025-10-24T16:48:05-07:00,0,39
index.js,19,js,992c5a0,orginalbusta,2025-10-24,16:48:05,-07:00,2025-10-24T16:48:05-07:00,0,54
index.js,20,js,992c5a0,orginalbusta,2025-10-24,16:48:05,-07:00,2025-10-24T16:48:05-07:00,0,0
index.js,21,js,992c5a0,orginalbusta,2025-10-24,16:48:05,-07:00,2025-10-24T16:48:05-07:00,0,46
index.js,22,js,992c5a0,orginalbusta,2025-10-24,16:48:05,-07:00,2025-10-24T16:48:05-07:00,0,55
index.js,23,js,992c5a0,orginalbusta,2025-10-24,16:48:05,-07:00,2025-10-24T16:48:05-07:00,0,0
index.js,24,js,992c5a0,orginalbusta,2025-10-24,16:48:05,-07:00,2025-10-24T16:48:05-07:00,0,50
index.js,25,js,992c5a0,orginalbusta,2025-10-24,16:48:05,-07:00,2025-10-24T16:48:05-07:00,0,60
index.js,26,js,992c5a0,orginalbusta,2025-10-24,16:48:05,-07:00,2025-10-24T16:48:05-07:00,0,0
index.js,27,js,992c5a0,orginalbusta,2025-10-24,16:48:05,-07:00,2025-10-24T16:48:05-07:00,0,41
index.js,28,js,992c5a0,orginalbusta,2025-10-24,16:48:05,-07:00,2025-10-24T16:48:05-07:00,0,31
index.js,29,js,992c5a0,orginalbusta,2025-10-24,16:48:05,-07:00,2025-10-24T16:48:05-07:00,1,24
index.js,30,js,992c5a0,orginalbusta,2025-10-24,16:48:05,-07:00,2025-10-24T16:48:05-07:00,2,2
index.js,31,js,992c5a0,orginalbusta,2025-10-24,16:48:05,-07:00,2025-10-24T16:48:05-07:00,3,19
index.js,32,js,992c5a0,orginalbusta,2025-10-24,16:48:05,-07:00,2025-10-24T16:48:05-07:00,3,33
index.js,33,js,992c5a0,orginalbusta,2025-10-24,16:48:05,-07:00,2025-10-24T16:48:05-07:00,3,19
index.js,34,js,992c5a0,orginalbusta,2025-10-24,16:48:05,-07:00,2025-10-24T16:48:05-07:00,3,33
index.js,35,js,992c5a0,orginalbusta,2025-10-24,16:48:05,-07:00,2025-10-24T16:48:05-07:00,3,16
index.js,36,js,992c5a0,orginalbusta,2025-10-24,16:48:05,-07:00,2025-10-24T16:48:05-07:00,3,30
index.js,37,js,992c5a0,orginalbusta,2025-10-24,16:48:05,-07:00,2025-10-24T16:48:05-07:00,3,16
index.js,38,js,992c5a0,orginalbusta,2025-10-24,16:48:05,-07:00,2025-10-24T16:48:05-07:00,3,30
index.js,39,js,992c5a0,orginalbusta,2025-10-24,16:48:05,-07:00,2025-10-24T16:48:05-07:00,2,3
index.js,40,js,992c5a0,orginalbusta,2025-10-24,16:48:05,-07:00,2025-10-24T16:48:05-07:00,1,0
index.js,41,js,992c5a0,orginalbusta,2025-10-24,16:48:05,-07:00,2025-10-24T16:48:05-07:00,0,0
index.js,42,js,992c5a0,orginalbusta,2025-10-24,16:48:05,-07:00,2025-10-24T16:48:05-07:00,0,0
index.html,1,html,992c5a0,orginalbusta,2025-10-24,16:48:05,-07:00,2025-10-24T16:48:05-07:00,0,13
index.html,2,html,992c5a0,orginalbusta,2025-10-24,16:48:05,-07:00,2025-10-24T16:48:05-07:00,0,14
index.html,3,html,992c5a0,orginalbusta,2025-10-24,16:48:05,-07:00,2025-10-24T16:48:05-07:00,0,4
index.html,4,html,992c5a0,orginalbusta,2025-10-24,16:48:05,-07:00,2025-10-24T16:48:05-07:00,2,20
index.html,5,html,992c5a0,orginalbusta,2025-10-24,16:48:05,-07:00,2025-10-24T16:48:05-07:00,2,68
index.html,6,html,992c5a0,orginalbusta,2025-10-24,16:48:05,-07:00,2025-10-24T16:48:05-07:00,2,52
index.html,7,html,992c5a0,orginalbusta,2025-10-24,16:48:05,-07:00,2025-10-24T16:48:05-07:00,2,38
index.html,8,html,992c5a0,orginalbusta,2025-10-24,16:48:05,-07:00,2025-10-24T16:48:05-07:00,2,45
index.html,9,html,992c5a0,orginalbusta,2025-10-24,16:48:05,-07:00,2025-10-24T16:48:05-07:00,2,50
index.html,10,html,992c5a0,orginalbusta,2025-10-24,16:48:05,-07:00,2025-10-24T16:48:05-07:00,0,5
index.html,11,html,992c5a0,orginalbusta,2025-10-24,16:48:05,-07:00,2025-10-24T16:48:05-07:00,0,4
index.html,12,html,992c5a0,orginalbusta,2025-10-24,16:48:05,-07:00,2025-10-24T16:48:05-07:00,2,17
index.html,13,html,992c5a0,orginalbusta,2025-10-24,16:48:05,-07:00,2025-10-24T16:48:05-07:00,2,237
index.html,14,html,992c5a0,orginalbusta,2025-10-24,16:48:05,-07:00,2025-10-24T16:48:05-07:00,2,154
index.html,15,html,992c5a0,orginalbusta,2025-10-24,16:48:05,-07:00,2025-10-24T16:48:05-07:00,0,0
index.html,16,html,992c5a0,orginalbusta,2025-10-24,16:48:05,-07:00,2025-10-24T16:48:05-07:00,2,19
index.html,17,html,992c5a0,orginalbusta,2025-10-24,16:48:05,-07:00,2025-10-24T16:48:05-07:00,2,22
index.html,18,html,992c5a0,orginalbusta,2025-10-24,16:48:05,-07:00,2025-10-24T16:48:05-07:00,4,51
index.html,19,html,992c5a0,orginalbusta,2025-10-24,16:48:05,-07:00,2025-10-24T16:48:05-07:00,2,4
index.html,20,html,992c5a0,orginalbusta,2025-10-24,16:48:05,-07:00,2025-10-24T16:48:05-07:00,0,0
index.html,21,html,992c5a0,orginalbusta,2025-10-24,16:48:05,-07:00,2025-10-24T16:48:05-07:00,2,22
index.html,22,html,992c5a0,orginalbusta,2025-10-24,16:48:05,-07:00,2025-10-24T16:48:05-07:00,2,20
index.html,23,html,992c5a0,orginalbusta,2025-10-24,16:48:05,-07:00,2025-10-24T16:48:05-07:00,4,49
index.html,24,html,992c5a0,orginalbusta,2025-10-24,16:48:05,-07:00,2025-10-24T16:48:05-07:00,2,4
index.html,25,html,992c5a0,orginalbusta,2025-10-24,16:48:05,-07:00,2025-10-24T16:48:05-07:00,0,0
index.html,26,html,992c5a0,orginalbusta,2025-10-24,16:48:05,-07:00,2025-10-24T16:48:05-07:00,0,5
index.html,27,html,992c5a0,orginalbusta,2025-10-24,16:48:05,-07:00,2025-10-24T16:48:05-07:00,0,0
index.html,28,html,992c5a0,orginalbusta,2025-10-24,16:48:05,-07:00,2025-10-24T16:48:05-07:00,0,5
global.js,1,js,992c5a0,orginalbusta,2025-10-24,16:48:05,-07:00,2025-10-24T16:48:05-07:00,0,26
global.js,2,js,992c5a0,orginalbusta,2025-10-24,16:48:05,-07:00,2025-10-24T16:48:05-07:00,0,0
global.js,3,js,992c5a0,orginalbusta,2025-10-24,16:48:05,-07:00,2025-10-24T16:48:05-07:00,0,41
global.js,4,js,992c5a0,orginalbusta,2025-10-24,16:48:05,-07:00,2025-10-24T16:48:05-07:00,1,52
global.js,5,js,992c5a0,orginalbusta,2025-10-24,16:48:05,-07:00,2025-10-24T16:48:05-07:00,0,0
global.js,6,js,992c5a0,orginalbusta,2025-10-24,16:48:05,-07:00,2025-10-24T16:48:05-07:00,0,0
global.js,7,js,992c5a0,orginalbusta,2025-10-24,16:48:05,-07:00,2025-10-24T16:48:05-07:00,0,37
global.js,8,js,992c5a0,orginalbusta,2025-10-24,16:48:05,-07:00,2025-10-24T16:48:05-07:00,0,36
global.js,9,js,992c5a0,orginalbusta,2025-10-24,16:48:05,-07:00,2025-10-24T16:48:05-07:00,1,3
global.js,10,js,992c5a0,orginalbusta,2025-10-24,16:48:05,-07:00,2025-10-24T16:48:05-07:00,2,39
global.js,11,js,992c5a0,orginalbusta,2025-10-24,16:48:05,-07:00,2025-10-24T16:48:05-07:00,2,32
global.js,12,js,992c5a0,orginalbusta,2025-10-24,16:48:05,-07:00,2025-10-24T16:48:05-07:00,2,0
global.js,13,js,992c5a0,orginalbusta,2025-10-24,16:48:05,-07:00,2025-10-24T16:48:05-07:00,2,42
global.js,14,js,992c5a0,orginalbusta,2025-10-24,16:48:05,-07:00,2025-10-24T16:48:05-07:00,2,17
global.js,15,js,992c5a0,orginalbusta,2025-10-24,16:48:05,-07:00,2025-10-24T16:48:05-07:00,3,66
global.js,16,js,992c5a0,orginalbusta,2025-10-24,16:48:05,-07:00,2025-10-24T16:48:05-07:00,2,0
global.js,17,js,992c5a0,orginalbusta,2025-10-24,16:48:05,-07:00,2025-10-24T16:48:05-07:00,2,0
global.js,18,js,992c5a0,orginalbusta,2025-10-24,16:48:05,-07:00,2025-10-24T16:48:05-07:00,2,36
global.js,19,js,992c5a0,orginalbusta,2025-10-24,16:48:05,-07:00,2025-10-24T16:48:05-07:00,2,33
global.js,20,js,992c5a0,orginalbusta,2025-10-24,16:48:05,-07:00,2025-10-24T16:48:05-07:00,2,10
global.js,21,js,992c5a0,orginalbusta,2025-10-24,16:48:05,-07:00,2025-10-24T16:48:05-07:00,1,15
global.js,22,js,992c5a0,orginalbusta,2025-10-24,16:48:05,-07:00,2025-10-24T16:48:05-07:00,2,59
global.js,23,js,992c5a0,orginalbusta,2025-10-24,16:48:05,-07:00,2025-10-24T16:48:05-07:00,1,0
global.js,24,js,992c5a0,orginalbusta,2025-10-24,16:48:05,-07:00,2025-10-24T16:48:05-07:00,0,0
global.js,25,js,992c5a0,orginalbusta,2025-10-24,16:48:05,-07:00,2025-10-24T16:48:05-07:00,0,0
global.js,26,js,992c5a0,orginalbusta,2025-10-24,16:48:05,-07:00,2025-10-24T16:48:05-07:00,0,49
global.js,27,js,992c5a0,orginalbusta,2025-10-24,16:48:05,-07:00,2025-10-24T16:48:05-07:00,0,47
global.js,28,js,992c5a0,orginalbusta,2025-10-24,16:48:05,-07:00,2025-10-24T16:48:05-07:00,1,59
global.js,29,js,992c5a0,orginalbusta,2025-10-24,16:48:05,-07:00,2025-10-24T16:48:05-07:00,0,0
global.js,30,js,992c5a0,orginalbusta,2025-10-24,16:48:05,-07:00,2025-10-24T16:48:05-07:00,0,0
global.js,31,js,992c5a0,orginalbusta,2025-10-24,16:48:05,-07:00,2025-10-24T16:48:05-07:00,0,38
global.js,32,js,992c5a0,orginalbusta,2025-10-24,16:48:05,-07:00,2025-10-24T16:48:05-07:00,0,79
global.js,33,js,992c5a0,orginalbusta,2025-10-24,16:48:05,-07:00,2025-10-24T16:48:05-07:00,1,44
global.js,34,js,992c5a0,orginalbusta,2025-10-24,16:48:05,-07:00,2025-10-24T16:48:05-07:00,1,30
global.js,35,js,992c5a0,orginalbusta,2025-10-24,16:48:05,-07:00,2025-10-24T16:48:05-07:00,1,0
global.js,36,js,992c5a0,orginalbusta,2025-10-24,16:48:05,-07:00,2025-10-24T16:48:05-07:00,1,28
global.js,37,js,992c5a0,orginalbusta,2025-10-24,16:48:05,-07:00,2025-10-24T16:48:05-07:00,1,39
global.js,38,js,992c5a0,orginalbusta,2025-10-24,16:48:05,-07:00,2025-10-24T16:48:05-07:00,2,73
global.js,39,js,992c5a0,orginalbusta,2025-10-24,16:48:05,-07:00,2025-10-24T16:48:05-07:00,2,5
global.js,40,js,992c5a0,orginalbusta,2025-10-24,16:48:05,-07:00,2025-10-24T16:48:05-07:00,1,0
global.js,41,js,992c5a0,orginalbusta,2025-10-24,16:48:05,-07:00,2025-10-24T16:48:05-07:00,1,0
global.js,42,js,992c5a0,orginalbusta,2025-10-24,16:48:05,-07:00,2025-10-24T16:48:05-07:00,1,51
global.js,43,js,992c5a0,orginalbusta,2025-10-24,16:48:05,-07:00,2025-10-24T16:48:05-07:00,1,29
global.js,44,js,992c5a0,orginalbusta,2025-10-24,16:48:05,-07:00,2025-10-24T16:48:05-07:00,2,43
global.js,45,js,992c5a0,orginalbusta,2025-10-24,16:48:05,-07:00,2025-10-24T16:48:05-07:00,2,48
global.js,46,js,992c5a0,orginalbusta,2025-10-24,16:48:05,-07:00,2025-10-24T16:48:05-07:00,2,0
global.js,47,js,992c5a0,orginalbusta,2025-10-24,16:48:05,-07:00,2025-10-24T16:48:05-07:00,2,58
global.js,48,js,992c5a0,orginalbusta,2025-10-24,16:48:05,-07:00,2025-10-24T16:48:05-07:00,2,19
global.js,49,js,992c5a0,orginalbusta,2025-10-24,16:48:05,-07:00,2025-10-24T16:48:05-07:00,3,49
global.js,50,js,992c5a0,orginalbusta,2025-10-24,16:48:05,-07:00,2025-10-24T16:48:05-07:00,3,58
global.js,51,js,992c5a0,orginalbusta,2025-10-24,16:48:05,-07:00,2025-10-24T16:48:05-07:00,3,55
global.js,52,js,992c5a0,orginalbusta,2025-10-24,16:48:05,-07:00,2025-10-24T16:48:05-07:00,3,33
global.js,53,js,992c5a0,orginalbusta,2025-10-24,16:48:05,-07:00,2025-10-24T16:48:05-07:00,2,0
global.js,54,js,992c5a0,orginalbusta,2025-10-24,16:48:05,-07:00,2025-10-24T16:48:05-07:00,2,0
global.js,55,js,992c5a0,orginalbusta,2025-10-24,16:48:05,-07:00,2025-10-24T16:48:05-07:00,2,36
global.js,56,js,992c5a0,orginalbusta,2025-10-24,16:48:05,-07:00,2025-10-24T16:48:05-07:00,2,36
global.js,57,js,992c5a0,orginalbusta,2025-10-24,16:48:05,-07:00,2025-10-24T16:48:05-07:00,1,0
global.js,58,js,992c5a0,orginalbusta,2025-10-24,16:48:05,-07:00,2025-10-24T16:48:05-07:00,0,0
global.js,59,js,992c5a0,orginalbusta,2025-10-24,16:48:05,-07:00,2025-10-24T16:48:05-07:00,0,0
global.js,60,js,992c5a0,orginalbusta,2025-10-24,16:48:05,-07:00,2025-10-24T16:48:05-07:00,0,73
global.js,61,js,992c5a0,orginalbusta,2025-10-24,16:48:05,-07:00,2025-10-24T16:48:05-07:00,0,28
global.js,62,js,992c5a0,orginalbusta,2025-10-24,16:48:05,-07:00,2025-10-24T16:48:05-07:00,0,33
global.js,63,js,992c5a0,orginalbusta,2025-10-24,16:48:05,-07:00,2025-10-24T16:48:05-07:00,0,71
global.js,64,js,992c5a0,orginalbusta,2025-10-24,16:48:05,-07:00,2025-10-24T16:48:05-07:00,0,3
global.js,65,js,992c5a0,orginalbusta,2025-10-24,16:48:05,-07:00,2025-10-24T16:48:05-07:00,0,39
global.js,66,js,992c5a0,orginalbusta,2025-10-24,16:48:05,-07:00,2025-10-24T16:48:05-07:00,0,0
global.js,67,js,992c5a0,orginalbusta,2025-10-24,16:48:05,-07:00,2025-10-24T16:48:05-07:00,0,34
global.js,68,js,992c5a0,orginalbusta,2025-10-24,16:48:05,-07:00,2025-10-24T16:48:05-07:00,0,15
global.js,69,js,992c5a0,orginalbusta,2025-10-24,16:48:05,-07:00,2025-10-24T16:48:05-07:00,1,68
global.js,70,js,992c5a0,orginalbusta,2025-10-24,16:48:05,-07:00,2025-10-24T16:48:05-07:00,2,19
global.js,71,js,992c5a0,orginalbusta,2025-10-24,16:48:05,-07:00,2025-10-24T16:48:05-07:00,2,40
global.js,72,js,992c5a0,orginalbusta,2025-10-24,16:48:05,-07:00,2025-10-24T16:48:05-07:00,0,0
global.js,73,js,992c5a0,orginalbusta,2025-10-24,16:48:05,-07:00,2025-10-24T16:48:05-07:00,0,11
global.js,74,js,992c5a0,orginalbusta,2025-10-24,16:48:05,-07:00,2025-10-24T16:48:05-07:00,1,25
global.js,75,js,992c5a0,orginalbusta,2025-10-24,16:48:05,-07:00,2025-10-24T16:48:05-07:00,1,38
global.js,76,js,992c5a0,orginalbusta,2025-10-24,16:48:05,-07:00,2025-10-24T16:48:05-07:00,1,36
global.js,77,js,992c5a0,orginalbusta,2025-10-24,16:48:05,-07:00,2025-10-24T16:48:05-07:00,1,34
global.js,78,js,00000000,Not Committed Yet,2025-11-07,15:01:38,-08:00,2025-11-07T15:01:38-08:00,1,30
global.js,79,js,992c5a0,orginalbusta,2025-10-24,16:48:05,-07:00,2025-10-24T16:48:05-07:00,1,57
global.js,80,js,992c5a0,orginalbusta,2025-10-24,16:48:05,-07:00,2025-10-24T16:48:05-07:00,0,0
global.js,81,js,992c5a0,orginalbusta,2025-10-24,16:48:05,-07:00,2025-10-24T16:48:05-07:00,0,0
global.js,82,js,992c5a0,orginalbusta,2025-10-24,16:48:05,-07:00,2025-10-24T16:48:05-07:00,0,42
global.js,83,js,992c5a0,orginalbusta,2025-10-24,16:48:05,-07:00,2025-10-24T16:48:05-07:00,0,38
global.js,84,js,992c5a0,orginalbusta,2025-10-24,16:48:05,-07:00,2025-10-24T16:48:05-07:00,0,25
global.js,85,js,992c5a0,orginalbusta,2025-10-24,16:48:05,-07:00,2025-10-24T16:48:05-07:00,0,0
global.js,86,js,992c5a0,orginalbusta,2025-10-24,16:48:05,-07:00,2025-10-24T16:48:05-07:00,0,36
global.js,87,js,992c5a0,orginalbusta,2025-10-24,16:48:05,-07:00,2025-10-24T16:48:05-07:00,0,20
global.js,88,js,992c5a0,orginalbusta,2025-10-24,16:48:05,-07:00,2025-10-24T16:48:05-07:00,1,14
global.js,89,js,992c5a0,orginalbusta,2025-10-24,16:48:05,-07:00,2025-10-24T16:48:05-07:00,1,18
global.js,90,js,992c5a0,orginalbusta,2025-10-24,16:48:05,-07:00,2025-10-24T16:48:05-07:00,1,0
global.js,91,js,992c5a0,orginalbusta,2025-10-24,16:48:05,-07:00,2025-10-24T16:48:05-07:00,1,31
global.js,92,js,992c5a0,orginalbusta,2025-10-24,16:48:05,-07:00,2025-10-24T16:48:05-07:00,1,28
global.js,93,js,992c5a0,orginalbusta,2025-10-24,16:48:05,-07:00,2025-10-24T16:48:05-07:00,2,20
global.js,94,js,992c5a0,orginalbusta,2025-10-24,16:48:05,-07:00,2025-10-24T16:48:05-07:00,1,0
global.js,95,js,992c5a0,orginalbusta,2025-10-24,16:48:05,-07:00,2025-10-24T16:48:05-07:00,1,0
global.js,96,js,992c5a0,orginalbusta,2025-10-24,16:48:05,-07:00,2025-10-24T16:48:05-07:00,1,20
global.js,97,js,992c5a0,orginalbusta,2025-10-24,16:48:05,-07:00,2025-10-24T16:48:05-07:00,1,34
global.js,98,js,992c5a0,orginalbusta,2025-10-24,16:48:05,-07:00,2025-10-24T16:48:05-07:00,1,11
global.js,99,js,992c5a0,orginalbusta,2025-10-24,16:48:05,-07:00,2025-10-24T16:48:05-07:00,1,20
global.js,100,js,992c5a0,orginalbusta,2025-10-24,16:48:05,-07:00,2025-10-24T16:48:05-07:00,1,0
global.js,101,js,992c5a0,orginalbusta,2025-10-24,16:48:05,-07:00,2025-10-24T16:48:05-07:00,1,46
global.js,102,js,992c5a0,orginalbusta,2025-10-24,16:48:05,-07:00,2025-10-24T16:48:05-07:00,1,17
global.js,103,js,992c5a0,orginalbusta,2025-10-24,16:48:05,-07:00,2025-10-24T16:48:05-07:00,2,8
global.js,104,js,992c5a0,orginalbusta,2025-10-24,16:48:05,-07:00,2025-10-24T16:48:05-07:00,2,58
global.js,105,js,992c5a0,orginalbusta,2025-10-24,16:48:05,-07:00,2025-10-24T16:48:05-07:00,1,0
global.js,106,js,992c5a0,orginalbusta,2025-10-24,16:48:05,-07:00,2025-10-24T16:48:05-07:00,1,0
global.js,107,js,992c5a0,orginalbusta,2025-10-24,16:48:05,-07:00,2025-10-24T16:48:05-07:00,1,39
global.js,108,js,992c5a0,orginalbusta,2025-10-24,16:48:05,-07:00,2025-10-24T16:48:05-07:00,1,29
global.js,109,js,992c5a0,orginalbusta,2025-10-24,16:48:05,-07:00,2025-10-24T16:48:05-07:00,2,18
global.js,110,js,992c5a0,orginalbusta,2025-10-24,16:48:05,-07:00,2025-10-24T16:48:05-07:00,1,0
global.js,111,js,992c5a0,orginalbusta,2025-10-24,16:48:05,-07:00,2025-10-24T16:48:05-07:00,1,0
global.js,112,js,992c5a0,orginalbusta,2025-10-24,16:48:05,-07:00,2025-10-24T16:48:05-07:00,1,16
global.js,113,js,992c5a0,orginalbusta,2025-10-24,16:48:05,-07:00,2025-10-24T16:48:05-07:00,1,12
global.js,114,js,992c5a0,orginalbusta,2025-10-24,16:48:05,-07:00,2025-10-24T16:48:05-07:00,0,0
global.js,115,js,992c5a0,orginalbusta,2025-10-24,16:48:05,-07:00,2025-10-24T16:48:05-07:00,0,0
global.js,116,js,992c5a0,orginalbusta,2025-10-24,16:48:05,-07:00,2025-10-24T16:48:05-07:00,0,38
global.js,117,js,992c5a0,orginalbusta,2025-10-24,16:48:05,-07:00,2025-10-24T16:48:05-07:00,0,103
global.js,118,js,992c5a0,orginalbusta,2025-10-24,16:48:05,-07:00,2025-10-24T16:48:05-07:00,0,0
global.js,119,js,992c5a0,orginalbusta,2025-10-24,16:48:05,-07:00,2025-10-24T16:48:05-07:00,0,31
global.js,120,js,992c5a0,orginalbusta,2025-10-24,16:48:05,-07:00,2025-10-24T16:48:05-07:00,1,11
global.js,121,js,992c5a0,orginalbusta,2025-10-24,16:48:05,-07:00,2025-10-24T16:48:05-07:00,1,0
global.js,122,js,992c5a0,orginalbusta,2025-10-24,16:48:05,-07:00,2025-10-24T16:48:05-07:00,0,26
global.js,123,js,992c5a0,orginalbusta,2025-10-24,16:48:05,-07:00,2025-10-24T16:48:05-07:00,0,4
global.js,124,js,992c5a0,orginalbusta,2025-10-24,16:48:05,-07:00,2025-10-24T16:48:05-07:00,0,6
global.js,125,js,992c5a0,orginalbusta,2025-10-24,16:48:05,-07:00,2025-10-24T16:48:05-07:00,0,68
global.js,126,js,992c5a0,orginalbusta,2025-10-24,16:48:05,-07:00,2025-10-24T16:48:05-07:00,0,34
global.js,127,js,992c5a0,orginalbusta,2025-10-24,16:48:05,-07:00,2025-10-24T16:48:05-07:00,0,32
global.js,128,js,992c5a0,orginalbusta,2025-10-24,16:48:05,-07:00,2025-10-24T16:48:05-07:00,0,7
global.js,129,js,992c5a0,orginalbusta,2025-10-24,16:48:05,-07:00,2025-10-24T16:48:05-07:00,0,7
global.js,130,js,992c5a0,orginalbusta,2025-10-24,16:48:05,-07:00,2025-10-24T16:48:05-07:00,0,0
global.js,131,js,992c5a0,orginalbusta,2025-10-24,16:48:05,-07:00,2025-10-24T16:48:05-07:00,0,0
global.js,132,js,992c5a0,orginalbusta,2025-10-24,16:48:05,-07:00,2025-10-24T16:48:05-07:00,0,59
global.js,133,js,992c5a0,orginalbusta,2025-10-24,16:48:05,-07:00,2025-10-24T16:48:05-07:00,0,60
global.js,134,js,992c5a0,orginalbusta,2025-10-24,16:48:05,-07:00,2025-10-24T16:48:05-07:00,0,0
global.js,135,js,992c5a0,orginalbusta,2025-10-24,16:48:05,-07:00,2025-10-24T16:48:05-07:00,0,55
global.js,136,js,992c5a0,orginalbusta,2025-10-24,16:48:05,-07:00,2025-10-24T16:48:05-07:00,0,36
global.js,137,js,992c5a0,orginalbusta,2025-10-24,16:48:05,-07:00,2025-10-24T16:48:05-07:00,1,70
global.js,138,js,992c5a0,orginalbusta,2025-10-24,16:48:05,-07:00,2025-10-24T16:48:05-07:00,1,25
global.js,139,js,992c5a0,orginalbusta,2025-10-24,16:48:05,-07:00,2025-10-24T16:48:05-07:00,0,0
global.js,140,js,992c5a0,orginalbusta,2025-10-24,16:48:05,-07:00,2025-10-24T16:48:05-07:00,0,0
global.js,141,js,992c5a0,orginalbusta,2025-10-24,16:48:05,-07:00,2025-10-24T16:48:05-07:00,0,45
global.js,142,js,992c5a0,orginalbusta,2025-10-24,16:48:05,-07:00,2025-10-24T16:48:05-07:00,0,34
global.js,143,js,992c5a0,orginalbusta,2025-10-24,16:48:05,-07:00,2025-10-24T16:48:05-07:00,1,39
global.js,144,js,992c5a0,orginalbusta,2025-10-24,16:48:05,-07:00,2025-10-24T16:48:05-07:00,0,0
global.js,145,js,992c5a0,orginalbusta,2025-10-24,16:48:05,-07:00,2025-10-24T16:48:05-07:00,0,0
global.js,146,js,992c5a0,orginalbusta,2025-10-24,16:48:05,-07:00,2025-10-24T16:48:05-07:00,0,52
global.js,147,js,992c5a0,orginalbusta,2025-10-24,16:48:05,-07:00,2025-10-24T16:48:05-07:00,0,49
global.js,148,js,992c5a0,orginalbusta,2025-10-24,16:48:05,-07:00,2025-10-24T16:48:05-07:00,1,57
global.js,149,js,992c5a0,orginalbusta,2025-10-24,16:48:05,-07:00,2025-10-24T16:48:05-07:00,1,37
global.js,150,js,992c5a0,orginalbusta,2025-10-24,16:48:05,-07:00,2025-10-24T16:48:05-07:00,1,0
global.js,151,js,992c5a0,orginalbusta,2025-10-24,16:48:05,-07:00,2025-10-24T16:48:05-07:00,1,23
global.js,152,js,992c5a0,orginalbusta,2025-10-24,16:48:05,-07:00,2025-10-24T16:48:05-07:00,1,26
global.js,153,js,992c5a0,orginalbusta,2025-10-24,16:48:05,-07:00,2025-10-24T16:48:05-07:00,1,0
global.js,154,js,992c5a0,orginalbusta,2025-10-24,16:48:05,-07:00,2025-10-24T16:48:05-07:00,1,31
global.js,155,js,992c5a0,orginalbusta,2025-10-24,16:48:05,-07:00,2025-10-24T16:48:05-07:00,1,37
global.js,156,js,992c5a0,orginalbusta,2025-10-24,16:48:05,-07:00,2025-10-24T16:48:05-07:00,0,1
global.js,157,js,992c5a0,orginalbusta,2025-10-24,16:48:05,-07:00,2025-10-24T16:48:05-07:00,0,0
global.js,158,js,992c5a0,orginalbusta,2025-10-24,16:48:05,-07:00,2025-10-24T16:48:05-07:00,0,53
global.js,159,js,992c5a0,orginalbusta,2025-10-24,16:48:05,-07:00,2025-10-24T16:48:05-07:00,0,42
global.js,160,js,992c5a0,orginalbusta,2025-10-24,16:48:05,-07:00,2025-10-24T16:48:05-07:00,0,0
global.js,161,js,992c5a0,orginalbusta,2025-10-24,16:48:05,-07:00,2025-10-24T16:48:05-07:00,0,49
global.js,162,js,992c5a0,orginalbusta,2025-10-24,16:48:05,-07:00,2025-10-24T16:48:05-07:00,1,32
global.js,163,js,992c5a0,orginalbusta,2025-10-24,16:48:05,-07:00,2025-10-24T16:48:05-07:00,1,21
global.js,164,js,992c5a0,orginalbusta,2025-10-24,16:48:05,-07:00,2025-10-24T16:48:05-07:00,1,0
global.js,165,js,992c5a0,orginalbusta,2025-10-24,16:48:05,-07:00,2025-10-24T16:48:05-07:00,1,37
global.js,166,js,992c5a0,orginalbusta,2025-10-24,16:48:05,-07:00,2025-10-24T16:48:05-07:00,1,28
global.js,167,js,992c5a0,orginalbusta,2025-10-24,16:48:05,-07:00,2025-10-24T16:48:05-07:00,1,0
global.js,168,js,992c5a0,orginalbusta,2025-10-24,16:48:05,-07:00,2025-10-24T16:48:05-07:00,1,30
global.js,169,js,992c5a0,orginalbusta,2025-10-24,16:48:05,-07:00,2025-10-24T16:48:05-07:00,1,26
global.js,170,js,992c5a0,orginalbusta,2025-10-24,16:48:05,-07:00,2025-10-24T16:48:05-07:00,1,0
global.js,171,js,992c5a0,orginalbusta,2025-10-24,16:48:05,-07:00,2025-10-24T16:48:05-07:00,1,50
global.js,172,js,992c5a0,orginalbusta,2025-10-24,16:48:05,-07:00,2025-10-24T16:48:05-07:00,1,14
global.js,173,js,992c5a0,orginalbusta,2025-10-24,16:48:05,-07:00,2025-10-24T16:48:05-07:00,1,31
global.js,174,js,992c5a0,orginalbusta,2025-10-24,16:48:05,-07:00,2025-10-24T16:48:05-07:00,2,43
global.js,175,js,992c5a0,orginalbusta,2025-10-24,16:48:05,-07:00,2025-10-24T16:48:05-07:00,2,50
global.js,176,js,992c5a0,orginalbusta,2025-10-24,16:48:05,-07:00,2025-10-24T16:48:05-07:00,1,0
global.js,177,js,992c5a0,orginalbusta,2025-10-24,16:48:05,-07:00,2025-10-24T16:48:05-07:00,1,0
global.js,178,js,992c5a0,orginalbusta,2025-10-24,16:48:05,-07:00,2025-10-24T16:48:05-07:00,1,27
global.js,179,js,992c5a0,orginalbusta,2025-10-24,16:48:05,-07:00,2025-10-24T16:48:05-07:00,1,22
global.js,180,js,992c5a0,orginalbusta,2025-10-24,16:48:05,-07:00,2025-10-24T16:48:05-07:00,1,0
global.js,181,js,992c5a0,orginalbusta,2025-10-24,16:48:05,-07:00,2025-10-24T16:48:05-07:00,1,36
global.js,182,js,992c5a0,orginalbusta,2025-10-24,16:48:05,-07:00,2025-10-24T16:48:05-07:00,1,0
global.js,183,js,992c5a0,orginalbusta,2025-10-24,16:48:05,-07:00,2025-10-24T16:48:05-07:00,1,21
global.js,184,js,992c5a0,orginalbusta,2025-10-24,16:48:05,-07:00,2025-10-24T16:48:05-07:00,1,18
global.js,185,js,992c5a0,orginalbusta,2025-10-24,16:48:05,-07:00,2025-10-24T16:48:05-07:00,0,1
global.js,186,js,992c5a0,orginalbusta,2025-10-24,16:48:05,-07:00,2025-10-24T16:48:05-07:00,0,0
resume\index.html,1,html,992c5a0,orginalbusta,2025-10-24,16:48:05,-07:00,2025-10-24T16:48:05-07:00,0,13
resume\index.html,2,html,992c5a0,orginalbusta,2025-10-24,16:48:05,-07:00,2025-10-24T16:48:05-07:00,0,14
resume\index.html,3,html,992c5a0,orginalbusta,2025-10-24,16:48:05,-07:00,2025-10-24T16:48:05-07:00,0,4
resume\index.html,4,html,992c5a0,orginalbusta,2025-10-24,16:48:05,-07:00,2025-10-24T16:48:05-07:00,1,22
resume\index.html,5,html,992c5a0,orginalbusta,2025-10-24,16:48:05,-07:00,2025-10-24T16:48:05-07:00,1,70
resume\index.html,6,html,992c5a0,orginalbusta,2025-10-24,16:48:05,-07:00,2025-10-24T16:48:05-07:00,1,32
resume\index.html,7,html,992c5a0,orginalbusta,2025-10-24,16:48:05,-07:00,2025-10-24T16:48:05-07:00,1,43
resume\index.html,8,html,992c5a0,orginalbusta,2025-10-24,16:48:05,-07:00,2025-10-24T16:48:05-07:00,1,48
resume\index.html,9,html,992c5a0,orginalbusta,2025-10-24,16:48:05,-07:00,2025-10-24T16:48:05-07:00,0,5
resume\index.html,10,html,992c5a0,orginalbusta,2025-10-24,16:48:05,-07:00,2025-10-24T16:48:05-07:00,0,4
resume\index.html,11,html,992c5a0,orginalbusta,2025-10-24,16:48:05,-07:00,2025-10-24T16:48:05-07:00,0,0
resume\index.html,12,html,992c5a0,orginalbusta,2025-10-24,16:48:05,-07:00,2025-10-24T16:48:05-07:00,1,6
resume\index.html,13,html,992c5a0,orginalbusta,2025-10-24,16:48:05,-07:00,2025-10-24T16:48:05-07:00,2,17
resume\index.html,14,html,992c5a0,orginalbusta,2025-10-24,16:48:05,-07:00,2025-10-24T16:48:05-07:00,2,90
resume\index.html,15,html,992c5a0,orginalbusta,2025-10-24,16:48:05,-07:00,2025-10-24T16:48:05-07:00,2,1
resume\index.html,16,html,992c5a0,orginalbusta,2025-10-24,16:48:05,-07:00,2025-10-24T16:48:05-07:00,3,66
resume\index.html,17,html,992c5a0,orginalbusta,2025-10-24,16:48:05,-07:00,2025-10-24T16:48:05-07:00,3,66
resume\index.html,18,html,992c5a0,orginalbusta,2025-10-24,16:48:05,-07:00,2025-10-24T16:48:05-07:00,2,2
resume\index.html,19,html,992c5a0,orginalbusta,2025-10-24,16:48:05,-07:00,2025-10-24T16:48:05-07:00,1,7
resume\index.html,20,html,992c5a0,orginalbusta,2025-10-24,16:48:05,-07:00,2025-10-24T16:48:05-07:00,0,0
resume\index.html,21,html,992c5a0,orginalbusta,2025-10-24,16:48:05,-07:00,2025-10-24T16:48:05-07:00,1,14
resume\index.html,22,html,992c5a0,orginalbusta,2025-10-24,16:48:05,-07:00,2025-10-24T16:48:05-07:00,1,41
resume\index.html,23,html,992c5a0,orginalbusta,2025-10-24,16:48:05,-07:00,2025-10-24T16:48:05-07:00,2,35
resume\index.html,24,html,992c5a0,orginalbusta,2025-10-24,16:48:05,-07:00,2025-10-24T16:48:05-07:00,2,1
resume\index.html,25,html,992c5a0,orginalbusta,2025-10-24,16:48:05,-07:00,2025-10-24T16:48:05-07:00,3,73
resume\index.html,26,html,992c5a0,orginalbusta,2025-10-24,16:48:05,-07:00,2025-10-24T16:48:05-07:00,3,76
resume\index.html,27,html,992c5a0,orginalbusta,2025-10-24,16:48:05,-07:00,2025-10-24T16:48:05-07:00,3,79
resume\index.html,28,html,992c5a0,orginalbusta,2025-10-24,16:48:05,-07:00,2025-10-24T16:48:05-07:00,3,22
resume\index.html,29,html,992c5a0,orginalbusta,2025-10-24,16:48:05,-07:00,2025-10-24T16:48:05-07:00,2,2
resume\index.html,30,html,992c5a0,orginalbusta,2025-10-24,16:48:05,-07:00,2025-10-24T16:48:05-07:00,1,8
resume\index.html,31,html,992c5a0,orginalbusta,2025-10-24,16:48:05,-07:00,2025-10-24T16:48:05-07:00,0,0
resume\index.html,32,html,992c5a0,orginalbusta,2025-10-24,16:48:05,-07:00,2025-10-24T16:48:05-07:00,1,27
resume\index.html,33,html,992c5a0,orginalbusta,2025-10-24,16:48:05,-07:00,2025-10-24T16:48:05-07:00,1,44
resume\index.html,34,html,992c5a0,orginalbusta,2025-10-24,16:48:05,-07:00,2025-10-24T16:48:05-07:00,2,51
resume\index.html,35,html,992c5a0,orginalbusta,2025-10-24,16:48:05,-07:00,2025-10-24T16:48:05-07:00,0,0
resume\index.html,36,html,992c5a0,orginalbusta,2025-10-24,16:48:05,-07:00,2025-10-24T16:48:05-07:00,2,7
resume\index.html,37,html,992c5a0,orginalbusta,2025-10-24,16:48:05,-07:00,2025-10-24T16:48:05-07:00,3,6
resume\index.html,38,html,992c5a0,orginalbusta,2025-10-24,16:48:05,-07:00,2025-10-24T16:48:05-07:00,4,66
resume\index.html,39,html,992c5a0,orginalbusta,2025-10-24,16:48:05,-07:00,2025-10-24T16:48:05-07:00,4,1
resume\index.html,40,html,992c5a0,orginalbusta,2025-10-24,16:48:05,-07:00,2025-10-24T16:48:05-07:00,5,40
resume\index.html,41,html,992c5a0,orginalbusta,2025-10-24,16:48:05,-07:00,2025-10-24T16:48:05-07:00,5,51
resume\index.html,42,html,992c5a0,orginalbusta,2025-10-24,16:48:05,-07:00,2025-10-24T16:48:05-07:00,4,2
resume\index.html,43,html,992c5a0,orginalbusta,2025-10-24,16:48:05,-07:00,2025-10-24T16:48:05-07:00,3,7
resume\index.html,44,html,992c5a0,orginalbusta,2025-10-24,16:48:05,-07:00,2025-10-24T16:48:05-07:00,3,2
resume\index.html,45,html,992c5a0,orginalbusta,2025-10-24,16:48:05,-07:00,2025-10-24T16:48:05-07:00,4,102
resume\index.html,46,html,992c5a0,orginalbusta,2025-10-24,16:48:05,-07:00,2025-10-24T16:48:05-07:00,4,97
resume\index.html,47,html,992c5a0,orginalbusta,2025-10-24,16:48:05,-07:00,2025-10-24T16:48:05-07:00,4,113
resume\index.html,48,html,992c5a0,orginalbusta,2025-10-24,16:48:05,-07:00,2025-10-24T16:48:05-07:00,4,103
resume\index.html,49,html,992c5a0,orginalbusta,2025-10-24,16:48:05,-07:00,2025-10-24T16:48:05-07:00,3,3
resume\index.html,50,html,992c5a0,orginalbusta,2025-10-24,16:48:05,-07:00,2025-10-24T16:48:05-07:00,2,8
resume\index.html,51,html,992c5a0,orginalbusta,2025-10-24,16:48:05,-07:00,2025-10-24T16:48:05-07:00,0,0
resume\index.html,52,html,992c5a0,orginalbusta,2025-10-24,16:48:05,-07:00,2025-10-24T16:48:05-07:00,2,7
resume\index.html,53,html,992c5a0,orginalbusta,2025-10-24,16:48:05,-07:00,2025-10-24T16:48:05-07:00,3,6
resume\index.html,54,html,992c5a0,orginalbusta,2025-10-24,16:48:05,-07:00,2025-10-24T16:48:05-07:00,4,76
resume\index.html,55,html,992c5a0,orginalbusta,2025-10-24,16:48:05,-07:00,2025-10-24T16:48:05-07:00,4,1
resume\index.html,56,html,992c5a0,orginalbusta,2025-10-24,16:48:05,-07:00,2025-10-24T16:48:05-07:00,5,40
resume\index.html,57,html,992c5a0,orginalbusta,2025-10-24,16:48:05,-07:00,2025-10-24T16:48:05-07:00,5,55
resume\index.html,58,html,992c5a0,orginalbusta,2025-10-24,16:48:05,-07:00,2025-10-24T16:48:05-07:00,4,2
resume\index.html,59,html,992c5a0,orginalbusta,2025-10-24,16:48:05,-07:00,2025-10-24T16:48:05-07:00,3,7
resume\index.html,60,html,992c5a0,orginalbusta,2025-10-24,16:48:05,-07:00,2025-10-24T16:48:05-07:00,3,2
resume\index.html,61,html,992c5a0,orginalbusta,2025-10-24,16:48:05,-07:00,2025-10-24T16:48:05-07:00,4,90
resume\index.html,62,html,992c5a0,orginalbusta,2025-10-24,16:48:05,-07:00,2025-10-24T16:48:05-07:00,4,85
resume\index.html,63,html,992c5a0,orginalbusta,2025-10-24,16:48:05,-07:00,2025-10-24T16:48:05-07:00,4,89
resume\index.html,64,html,992c5a0,orginalbusta,2025-10-24,16:48:05,-07:00,2025-10-24T16:48:05-07:00,3,3
resume\index.html,65,html,992c5a0,orginalbusta,2025-10-24,16:48:05,-07:00,2025-10-24T16:48:05-07:00,2,8
resume\index.html,66,html,992c5a0,orginalbusta,2025-10-24,16:48:05,-07:00,2025-10-24T16:48:05-07:00,0,0
resume\index.html,67,html,992c5a0,orginalbusta,2025-10-24,16:48:05,-07:00,2025-10-24T16:48:05-07:00,2,7
resume\index.html,68,html,992c5a0,orginalbusta,2025-10-24,16:48:05,-07:00,2025-10-24T16:48:05-07:00,3,6
resume\index.html,69,html,992c5a0,orginalbusta,2025-10-24,16:48:05,-07:00,2025-10-24T16:48:05-07:00,4,49
resume\index.html,70,html,992c5a0,orginalbusta,2025-10-24,16:48:05,-07:00,2025-10-24T16:48:05-07:00,4,1
resume\index.html,71,html,992c5a0,orginalbusta,2025-10-24,16:48:05,-07:00,2025-10-24T16:48:05-07:00,5,40
resume\index.html,72,html,992c5a0,orginalbusta,2025-10-24,16:48:05,-07:00,2025-10-24T16:48:05-07:00,5,55
resume\index.html,73,html,992c5a0,orginalbusta,2025-10-24,16:48:05,-07:00,2025-10-24T16:48:05-07:00,4,2
resume\index.html,74,html,992c5a0,orginalbusta,2025-10-24,16:48:05,-07:00,2025-10-24T16:48:05-07:00,3,7
resume\index.html,75,html,992c5a0,orginalbusta,2025-10-24,16:48:05,-07:00,2025-10-24T16:48:05-07:00,3,2
resume\index.html,76,html,992c5a0,orginalbusta,2025-10-24,16:48:05,-07:00,2025-10-24T16:48:05-07:00,4,75
resume\index.html,77,html,992c5a0,orginalbusta,2025-10-24,16:48:05,-07:00,2025-10-24T16:48:05-07:00,4,87
resume\index.html,78,html,992c5a0,orginalbusta,2025-10-24,16:48:05,-07:00,2025-10-24T16:48:05-07:00,3,3
resume\index.html,79,html,992c5a0,orginalbusta,2025-10-24,16:48:05,-07:00,2025-10-24T16:48:05-07:00,2,8
resume\index.html,80,html,992c5a0,orginalbusta,2025-10-24,16:48:05,-07:00,2025-10-24T16:48:05-07:00,1,8
resume\index.html,81,html,992c5a0,orginalbusta,2025-10-24,16:48:05,-07:00,2025-10-24T16:48:05-07:00,0,0
resume\index.html,82,html,992c5a0,orginalbusta,2025-10-24,16:48:05,-07:00,2025-10-24T16:48:05-07:00,1,23
resume\index.html,83,html,992c5a0,orginalbusta,2025-10-24,16:48:05,-07:00,2025-10-24T16:48:05-07:00,1,39
resume\index.html,84,html,992c5a0,orginalbusta,2025-10-24,16:48:05,-07:00,2025-10-24T16:48:05-07:00,2,42
resume\index.html,85,html,992c5a0,orginalbusta,2025-10-24,16:48:05,-07:00,2025-10-24T16:48:05-07:00,2,7
resume\index.html,86,html,992c5a0,orginalbusta,2025-10-24,16:48:05,-07:00,2025-10-24T16:48:05-07:00,3,6
resume\index.html,87,html,992c5a0,orginalbusta,2025-10-24,16:48:05,-07:00,2025-10-24T16:48:05-07:00,4,60
resume\index.html,88,html,992c5a0,orginalbusta,2025-10-24,16:48:05,-07:00,2025-10-24T16:48:05-07:00,4,1
resume\index.html,89,html,992c5a0,orginalbusta,2025-10-24,16:48:05,-07:00,2025-10-24T16:48:05-07:00,5,36
resume\index.html,90,html,992c5a0,orginalbusta,2025-10-24,16:48:05,-07:00,2025-10-24T16:48:05-07:00,5,34
resume\index.html,91,html,992c5a0,orginalbusta,2025-10-24,16:48:05,-07:00,2025-10-24T16:48:05-07:00,4,2
resume\index.html,92,html,992c5a0,orginalbusta,2025-10-24,16:48:05,-07:00,2025-10-24T16:48:05-07:00,3,7
resume\index.html,93,html,992c5a0,orginalbusta,2025-10-24,16:48:05,-07:00,2025-10-24T16:48:05-07:00,3,98
resume\index.html,94,html,992c5a0,orginalbusta,2025-10-24,16:48:05,-07:00,2025-10-24T16:48:05-07:00,2,8
resume\index.html,95,html,992c5a0,orginalbusta,2025-10-24,16:48:05,-07:00,2025-10-24T16:48:05-07:00,1,8
resume\index.html,96,html,992c5a0,orginalbusta,2025-10-24,16:48:05,-07:00,2025-10-24T16:48:05-07:00,0,0
resume\index.html,97,html,992c5a0,orginalbusta,2025-10-24,16:48:05,-07:00,2025-10-24T16:48:05-07:00,1,40
resume\index.html,98,html,992c5a0,orginalbusta,2025-10-24,16:48:05,-07:00,2025-10-24T16:48:05-07:00,1,43
resume\index.html,99,html,992c5a0,orginalbusta,2025-10-24,16:48:05,-07:00,2025-10-24T16:48:05-07:00,2,39
resume\index.html,100,html,992c5a0,orginalbusta,2025-10-24,16:48:05,-07:00,2025-10-24T16:48:05-07:00,0,0
resume\index.html,101,html,992c5a0,orginalbusta,2025-10-24,16:48:05,-07:00,2025-10-24T16:48:05-07:00,2,7
resume\index.html,102,html,992c5a0,orginalbusta,2025-10-24,16:48:05,-07:00,2025-10-24T16:48:05-07:00,3,6
resume\index.html,103,html,992c5a0,orginalbusta,2025-10-24,16:48:05,-07:00,2025-10-24T16:48:05-07:00,4,62
resume\index.html,104,html,992c5a0,orginalbusta,2025-10-24,16:48:05,-07:00,2025-10-24T16:48:05-07:00,4,1
resume\index.html,105,html,992c5a0,orginalbusta,2025-10-24,16:48:05,-07:00,2025-10-24T16:48:05-07:00,5,70
resume\index.html,106,html,992c5a0,orginalbusta,2025-10-24,16:48:05,-07:00,2025-10-24T16:48:05-07:00,4,2
resume\index.html,107,html,992c5a0,orginalbusta,2025-10-24,16:48:05,-07:00,2025-10-24T16:48:05-07:00,3,7
resume\index.html,108,html,992c5a0,orginalbusta,2025-10-24,16:48:05,-07:00,2025-10-24T16:48:05-07:00,3,75
resume\index.html,109,html,992c5a0,orginalbusta,2025-10-24,16:48:05,-07:00,2025-10-24T16:48:05-07:00,2,8
resume\index.html,110,html,992c5a0,orginalbusta,2025-10-24,16:48:05,-07:00,2025-10-24T16:48:05-07:00,0,0
resume\index.html,111,html,992c5a0,orginalbusta,2025-10-24,16:48:05,-07:00,2025-10-24T16:48:05-07:00,2,7
resume\index.html,112,html,992c5a0,orginalbusta,2025-10-24,16:48:05,-07:00,2025-10-24T16:48:05-07:00,3,6
resume\index.html,113,html,992c5a0,orginalbusta,2025-10-24,16:48:05,-07:00,2025-10-24T16:48:05-07:00,4,26
resume\index.html,114,html,992c5a0,orginalbusta,2025-10-24,16:48:05,-07:00,2025-10-24T16:48:05-07:00,4,1
resume\index.html,115,html,992c5a0,orginalbusta,2025-10-24,16:48:05,-07:00,2025-10-24T16:48:05-07:00,5,36
resume\index.html,116,html,992c5a0,orginalbusta,2025-10-24,16:48:05,-07:00,2025-10-24T16:48:05-07:00,5,34
resume\index.html,117,html,992c5a0,orginalbusta,2025-10-24,16:48:05,-07:00,2025-10-24T16:48:05-07:00,4,2
resume\index.html,118,html,992c5a0,orginalbusta,2025-10-24,16:48:05,-07:00,2025-10-24T16:48:05-07:00,3,7
resume\index.html,119,html,992c5a0,orginalbusta,2025-10-24,16:48:05,-07:00,2025-10-24T16:48:05-07:00,3,2
resume\index.html,120,html,992c5a0,orginalbusta,2025-10-24,16:48:05,-07:00,2025-10-24T16:48:05-07:00,4,39
resume\index.html,121,html,992c5a0,orginalbusta,2025-10-24,16:48:05,-07:00,2025-10-24T16:48:05-07:00,4,33
resume\index.html,122,html,992c5a0,orginalbusta,2025-10-24,16:48:05,-07:00,2025-10-24T16:48:05-07:00,4,61
resume\index.html,123,html,992c5a0,orginalbusta,2025-10-24,16:48:05,-07:00,2025-10-24T16:48:05-07:00,3,3
resume\index.html,124,html,992c5a0,orginalbusta,2025-10-24,16:48:05,-07:00,2025-10-24T16:48:05-07:00,2,8
resume\index.html,125,html,992c5a0,orginalbusta,2025-10-24,16:48:05,-07:00,2025-10-24T16:48:05-07:00,1,8
resume\index.html,126,html,992c5a0,orginalbusta,2025-10-24,16:48:05,-07:00,2025-10-24T16:48:05-07:00,0,0
resume\index.html,127,html,992c5a0,orginalbusta,2025-10-24,16:48:05,-07:00,2025-10-24T16:48:05-07:00,1,60
resume\index.html,128,html,992c5a0,orginalbusta,2025-10-24,16:48:05,-07:00,2025-10-24T16:48:05-07:00,1,42
resume\index.html,129,html,992c5a0,orginalbusta,2025-10-24,16:48:05,-07:00,2025-10-24T16:48:05-07:00,2,37
resume\index.html,130,html,992c5a0,orginalbusta,2025-10-24,16:48:05,-07:00,2025-10-24T16:48:05-07:00,0,0
resume\index.html,131,html,992c5a0,orginalbusta,2025-10-24,16:48:05,-07:00,2025-10-24T16:48:05-07:00,2,7
resume\index.html,132,html,992c5a0,orginalbusta,2025-10-24,16:48:05,-07:00,2025-10-24T16:48:05-07:00,3,6
resume\index.html,133,html,992c5a0,orginalbusta,2025-10-24,16:48:05,-07:00,2025-10-24T16:48:05-07:00,4,58
resume\index.html,134,html,992c5a0,orginalbusta,2025-10-24,16:48:05,-07:00,2025-10-24T16:48:05-07:00,4,45
resume\index.html,135,html,992c5a0,orginalbusta,2025-10-24,16:48:05,-07:00,2025-10-24T16:48:05-07:00,3,7
resume\index.html,136,html,992c5a0,orginalbusta,2025-10-24,16:48:05,-07:00,2025-10-24T16:48:05-07:00,3,97
resume\index.html,137,html,992c5a0,orginalbusta,2025-10-24,16:48:05,-07:00,2025-10-24T16:48:05-07:00,3,2
resume\index.html,138,html,992c5a0,orginalbusta,2025-10-24,16:48:05,-07:00,2025-10-24T16:48:05-07:00,4,34
resume\index.html,139,html,992c5a0,orginalbusta,2025-10-24,16:48:05,-07:00,2025-10-24T16:48:05-07:00,4,107
resume\index.html,140,html,992c5a0,orginalbusta,2025-10-24,16:48:05,-07:00,2025-10-24T16:48:05-07:00,3,3
resume\index.html,141,html,992c5a0,orginalbusta,2025-10-24,16:48:05,-07:00,2025-10-24T16:48:05-07:00,2,8
resume\index.html,142,html,992c5a0,orginalbusta,2025-10-24,16:48:05,-07:00,2025-10-24T16:48:05-07:00,1,8
resume\index.html,143,html,992c5a0,orginalbusta,2025-10-24,16:48:05,-07:00,2025-10-24T16:48:05-07:00,0,0
resume\index.html,144,html,992c5a0,orginalbusta,2025-10-24,16:48:05,-07:00,2025-10-24T16:48:05-07:00,1,13
resume\index.html,145,html,992c5a0,orginalbusta,2025-10-24,16:48:05,-07:00,2025-10-24T16:48:05-07:00,1,40
resume\index.html,146,html,992c5a0,orginalbusta,2025-10-24,16:48:05,-07:00,2025-10-24T16:48:05-07:00,2,33
resume\index.html,147,html,992c5a0,orginalbusta,2025-10-24,16:48:05,-07:00,2025-10-24T16:48:05-07:00,2,2
resume\index.html,148,html,992c5a0,orginalbusta,2025-10-24,16:48:05,-07:00,2025-10-24T16:48:05-07:00,3,83
resume\index.html,149,html,992c5a0,orginalbusta,2025-10-24,16:48:05,-07:00,2025-10-24T16:48:05-07:00,3,77
resume\index.html,150,html,992c5a0,orginalbusta,2025-10-24,16:48:05,-07:00,2025-10-24T16:48:05-07:00,3,75
resume\index.html,151,html,992c5a0,orginalbusta,2025-10-24,16:48:05,-07:00,2025-10-24T16:48:05-07:00,3,82
resume\index.html,152,html,992c5a0,orginalbusta,2025-10-24,16:48:05,-07:00,2025-10-24T16:48:05-07:00,2,3
resume\index.html,153,html,992c5a0,orginalbusta,2025-10-24,16:48:05,-07:00,2025-10-24T16:48:05-07:00,1,8
resume\index.html,154,html,992c5a0,orginalbusta,2025-10-24,16:48:05,-07:00,2025-10-24T16:48:05-07:00,0,0
resume\index.html,155,html,992c5a0,orginalbusta,2025-10-24,16:48:05,-07:00,2025-10-24T16:48:05-07:00,1,25
resume\index.html,156,html,992c5a0,orginalbusta,2025-10-24,16:48:05,-07:00,2025-10-24T16:48:05-07:00,1,40
resume\index.html,157,html,992c5a0,orginalbusta,2025-10-24,16:48:05,-07:00,2025-10-24T16:48:05-07:00,2,33
resume\index.html,158,html,992c5a0,orginalbusta,2025-10-24,16:48:05,-07:00,2025-10-24T16:48:05-07:00,2,2
resume\index.html,159,html,992c5a0,orginalbusta,2025-10-24,16:48:05,-07:00,2025-10-24T16:48:05-07:00,3,106
resume\index.html,160,html,992c5a0,orginalbusta,2025-10-24,16:48:05,-07:00,2025-10-24T16:48:05-07:00,3,74
resume\index.html,161,html,992c5a0,orginalbusta,2025-10-24,16:48:05,-07:00,2025-10-24T16:48:05-07:00,2,3
resume\index.html,162,html,992c5a0,orginalbusta,2025-10-24,16:48:05,-07:00,2025-10-24T16:48:05-07:00,1,8
resume\index.html,163,html,992c5a0,orginalbusta,2025-10-24,16:48:05,-07:00,2025-10-24T16:48:05-07:00,0,0
resume\index.html,164,html,992c5a0,orginalbusta,2025-10-24,16:48:05,-07:00,2025-10-24T16:48:05-07:00,1,6
resume\index.html,165,html,992c5a0,orginalbusta,2025-10-24,16:48:05,-07:00,2025-10-24T16:48:05-07:00,2,96
resume\index.html,166,html,992c5a0,orginalbusta,2025-10-24,16:48:05,-07:00,2025-10-24T16:48:05-07:00,1,7
resume\index.html,167,html,992c5a0,orginalbusta,2025-10-24,16:48:05,-07:00,2025-10-24T16:48:05-07:00,0,0
resume\index.html,168,html,992c5a0,orginalbusta,2025-10-24,16:48:05,-07:00,2025-10-24T16:48:05-07:00,0,5
resume\index.html,169,html,992c5a0,orginalbusta,2025-10-24,16:48:05,-07:00,2025-10-24T16:48:05-07:00,0,5
projects\projects.js,1,js,992c5a0,orginalbusta,2025-10-24,16:48:05,-07:00,2025-10-24T16:48:05-07:00,0,42
projects\projects.js,2,js,992c5a0,orginalbusta,2025-10-24,16:48:05,-07:00,2025-10-24T16:48:05-07:00,0,55
projects\projects.js,3,js,992c5a0,orginalbusta,2025-10-24,16:48:05,-07:00,2025-10-24T16:48:05-07:00,0,0
projects\projects.js,4,js,2262a3b8,orginalbusta,2025-10-31,15:17:10,-07:00,2025-10-31T15:17:10-07:00,0,17
projects\projects.js,5,js,2262a3b8,orginalbusta,2025-10-31,15:17:10,-07:00,2025-10-31T15:17:10-07:00,0,63
projects\projects.js,6,js,2262a3b8,orginalbusta,2025-10-31,15:17:10,-07:00,2025-10-31T15:17:10-07:00,0,0
projects\projects.js,7,js,992c5a0,orginalbusta,2025-10-24,16:48:05,-07:00,2025-10-24T16:48:05-07:00,0,46
projects\projects.js,8,js,992c5a0,orginalbusta,2025-10-24,16:48:05,-07:00,2025-10-24T16:48:05-07:00,0,86
projects\projects.js,9,js,992c5a0,orginalbusta,2025-10-24,16:48:05,-07:00,2025-10-24T16:48:05-07:00,1,2
projects\projects.js,10,js,992c5a0,orginalbusta,2025-10-24,16:48:05,-07:00,2025-10-24T16:48:05-07:00,1,13
projects\projects.js,11,js,992c5a0,orginalbusta,2025-10-24,16:48:05,-07:00,2025-10-24T16:48:05-07:00,0,0
projects\projects.js,12,js,992c5a0,orginalbusta,2025-10-24,16:48:05,-07:00,2025-10-24T16:48:05-07:00,0,34
projects\projects.js,13,js,992c5a0,orginalbusta,2025-10-24,16:48:05,-07:00,2025-10-24T16:48:05-07:00,0,65
projects\projects.js,14,js,992c5a0,orginalbusta,2025-10-24,16:48:05,-07:00,2025-10-24T16:48:05-07:00,0,0
projects\projects.js,15,js,992c5a0,orginalbusta,2025-10-24,16:48:05,-07:00,2025-10-24T16:48:05-07:00,0,30
projects\projects.js,16,js,992c5a0,orginalbusta,2025-10-24,16:48:05,-07:00,2025-10-24T16:48:05-07:00,0,60
projects\projects.js,17,js,992c5a0,orginalbusta,2025-10-24,16:48:05,-07:00,2025-10-24T16:48:05-07:00,0,0
projects\projects.js,18,js,992c5a0,orginalbusta,2025-10-24,16:48:05,-07:00,2025-10-24T16:48:05-07:00,0,32
projects\projects.js,19,js,992c5a0,orginalbusta,2025-10-24,16:48:05,-07:00,2025-10-24T16:48:05-07:00,0,48
projects\projects.js,20,js,992c5a0,orginalbusta,2025-10-24,16:48:05,-07:00,2025-10-24T16:48:05-07:00,0,0
projects\projects.js,21,js,992c5a0,orginalbusta,2025-10-24,16:48:05,-07:00,2025-10-24T16:48:05-07:00,0,48
projects\projects.js,22,js,992c5a0,orginalbusta,2025-10-24,16:48:05,-07:00,2025-10-24T16:48:05-07:00,0,62
projects\projects.js,23,js,992c5a0,orginalbusta,2025-10-24,16:48:05,-07:00,2025-10-24T16:48:05-07:00,0,30
projects\projects.js,24,js,992c5a0,orginalbusta,2025-10-24,16:48:05,-07:00,2025-10-24T16:48:05-07:00,1,58
projects\projects.js,25,js,992c5a0,orginalbusta,2025-10-24,16:48:05,-07:00,2025-10-24T16:48:05-07:00,0,0
projects\projects.js,26,js,992c5a0,orginalbusta,2025-10-24,16:48:05,-07:00,2025-10-24T16:48:05-07:00,0,0
projects\projects.js,27,js,2262a3b8,orginalbusta,2025-10-31,15:17:10,-07:00,2025-10-31T15:17:10-07:00,0,58
projects\projects.js,28,js,2262a3b8,orginalbusta,2025-10-31,15:17:10,-07:00,2025-10-31T15:17:10-07:00,0,70
projects\projects.js,29,js,2262a3b8,orginalbusta,2025-10-31,15:17:10,-07:00,2025-10-31T15:17:10-07:00,0,24
projects\projects.js,30,js,2262a3b8,orginalbusta,2025-10-31,15:17:10,-07:00,2025-10-31T15:17:10-07:00,1,7
projects\projects.js,31,js,2262a3b8,orginalbusta,2025-10-31,15:17:10,-07:00,2025-10-31T15:17:10-07:00,1,14
projects\projects.js,32,js,2262a3b8,orginalbusta,2025-10-31,15:17:10,-07:00,2025-10-31T15:17:10-07:00,1,12
projects\projects.js,33,js,2262a3b8,orginalbusta,2025-10-31,15:17:10,-07:00,2025-10-31T15:17:10-07:00,0,91
projects\projects.js,34,js,2262a3b8,orginalbusta,2025-10-31,15:17:10,-07:00,2025-10-31T15:17:10-07:00,0,0
projects\projects.js,35,js,2262a3b8,orginalbusta,2025-10-31,15:17:10,-07:00,2025-10-31T15:17:10-07:00,0,53
projects\projects.js,36,js,2262a3b8,orginalbusta,2025-10-31,15:17:10,-07:00,2025-10-31T15:17:10-07:00,0,64
projects\projects.js,37,js,2262a3b8,orginalbusta,2025-10-31,15:17:10,-07:00,2025-10-31T15:17:10-07:00,0,0
projects\projects.js,38,js,2262a3b8,orginalbusta,2025-10-31,15:17:10,-07:00,2025-10-31T15:17:10-07:00,0,77
projects\projects.js,39,js,2262a3b8,orginalbusta,2025-10-31,15:17:10,-07:00,2025-10-31T15:17:10-07:00,0,22
projects\projects.js,40,js,2262a3b8,orginalbusta,2025-10-31,15:17:10,-07:00,2025-10-31T15:17:10-07:00,0,0
projects\projects.js,41,js,2262a3b8,orginalbusta,2025-10-31,15:17:10,-07:00,2025-10-31T15:17:10-07:00,0,52
projects\projects.js,42,js,2262a3b8,orginalbusta,2025-10-31,15:17:10,-07:00,2025-10-31T15:17:10-07:00,0,38
projects\projects.js,43,js,2262a3b8,orginalbusta,2025-10-31,15:17:10,-07:00,2025-10-31T15:17:10-07:00,1,51
projects\projects.js,44,js,2262a3b8,orginalbusta,2025-10-31,15:17:10,-07:00,2025-10-31T15:17:10-07:00,1,26
projects\projects.js,45,js,2262a3b8,orginalbusta,2025-10-31,15:17:10,-07:00,2025-10-31T15:17:10-07:00,2,12
projects\projects.js,46,js,2262a3b8,orginalbusta,2025-10-31,15:17:10,-07:00,2025-10-31T15:17:10-07:00,2,14
projects\projects.js,47,js,2262a3b8,orginalbusta,2025-10-31,15:17:10,-07:00,2025-10-31T15:17:10-07:00,2,12
projects\projects.js,48,js,2262a3b8,orginalbusta,2025-10-31,15:17:10,-07:00,2025-10-31T15:17:10-07:00,1,55
projects\projects.js,49,js,2262a3b8,orginalbusta,2025-10-31,15:17:10,-07:00,2025-10-31T15:17:10-07:00,0,0
projects\projects.js,50,js,2262a3b8,orginalbusta,2025-10-31,15:17:10,-07:00,2025-10-31T15:17:10-07:00,1,42
projects\projects.js,51,js,2262a3b8,orginalbusta,2025-10-31,15:17:10,-07:00,2025-10-31T15:17:10-07:00,1,44
projects\projects.js,52,js,2262a3b8,orginalbusta,2025-10-31,15:17:10,-07:00,2025-10-31T15:17:10-07:00,2,35
projects\projects.js,53,js,2262a3b8,orginalbusta,2025-10-31,15:17:10,-07:00,2025-10-31T15:17:10-07:00,1,1
projects\projects.js,54,js,2262a3b8,orginalbusta,2025-10-31,15:17:10,-07:00,2025-10-31T15:17:10-07:00,0,0
projects\projects.js,55,js,2262a3b8,orginalbusta,2025-10-31,15:17:10,-07:00,2025-10-31T15:17:10-07:00,1,21
projects\projects.js,56,js,2262a3b8,orginalbusta,2025-10-31,15:17:10,-07:00,2025-10-31T15:17:10-07:00,1,57
projects\projects.js,57,js,2262a3b8,orginalbusta,2025-10-31,15:17:10,-07:00,2025-10-31T15:17:10-07:00,0,0
projects\projects.js,58,js,2262a3b8,orginalbusta,2025-10-31,15:17:10,-07:00,2025-10-31T15:17:10-07:00,1,56
projects\projects.js,59,js,2262a3b8,orginalbusta,2025-10-31,15:17:10,-07:00,2025-10-31T15:17:10-07:00,1,50
projects\projects.js,60,js,2262a3b8,orginalbusta,2025-10-31,15:17:10,-07:00,2025-10-31T15:17:10-07:00,0,0
projects\projects.js,61,js,2262a3b8,orginalbusta,2025-10-31,15:17:10,-07:00,2025-10-31T15:17:10-07:00,1,32
projects\projects.js,62,js,2262a3b8,orginalbusta,2025-10-31,15:17:10,-07:00,2025-10-31T15:17:10-07:00,1,33
projects\projects.js,63,js,2262a3b8,orginalbusta,2025-10-31,15:17:10,-07:00,2025-10-31T15:17:10-07:00,0,0
projects\projects.js,64,js,2262a3b8,orginalbusta,2025-10-31,15:17:10,-07:00,2025-10-31T15:17:10-07:00,1,28
projects\projects.js,65,js,2262a3b8,orginalbusta,2025-10-31,15:17:10,-07:00,2025-10-31T15:17:10-07:00,1,45
projects\projects.js,66,js,2262a3b8,orginalbusta,2025-10-31,15:17:10,-07:00,2025-10-31T15:17:10-07:00,0,0
projects\projects.js,67,js,2262a3b8,orginalbusta,2025-10-31,15:17:10,-07:00,2025-10-31T15:17:10-07:00,1,58
projects\projects.js,68,js,2262a3b8,orginalbusta,2025-10-31,15:17:10,-07:00,2025-10-31T15:17:10-07:00,1,25
projects\projects.js,69,js,2262a3b8,orginalbusta,2025-10-31,15:17:10,-07:00,2025-10-31T15:17:10-07:00,1,29
projects\projects.js,70,js,2262a3b8,orginalbusta,2025-10-31,15:17:10,-07:00,2025-10-31T15:17:10-07:00,1,44
projects\projects.js,71,js,2262a3b8,orginalbusta,2025-10-31,15:17:10,-07:00,2025-10-31T15:17:10-07:00,0,0
projects\projects.js,72,js,2262a3b8,orginalbusta,2025-10-31,15:17:10,-07:00,2025-10-31T15:17:10-07:00,1,39
projects\projects.js,73,js,2262a3b8,orginalbusta,2025-10-31,15:17:10,-07:00,2025-10-31T15:17:10-07:00,1,24
projects\projects.js,74,js,2262a3b8,orginalbusta,2025-10-31,15:17:10,-07:00,2025-10-31T15:17:10-07:00,2,59
projects\projects.js,75,js,2262a3b8,orginalbusta,2025-10-31,15:17:10,-07:00,2025-10-31T15:17:10-07:00,2,61
projects\projects.js,76,js,2262a3b8,orginalbusta,2025-10-31,15:17:10,-07:00,2025-10-31T15:17:10-07:00,2,1
projects\projects.js,77,js,2262a3b8,orginalbusta,2025-10-31,15:17:10,-07:00,2025-10-31T15:17:10-07:00,3,13
projects\projects.js,78,js,2262a3b8,orginalbusta,2025-10-31,15:17:10,-07:00,2025-10-31T15:17:10-07:00,3,13
projects\projects.js,79,js,2262a3b8,orginalbusta,2025-10-31,15:17:10,-07:00,2025-10-31T15:17:10-07:00,3,59
projects\projects.js,80,js,2262a3b8,orginalbusta,2025-10-31,15:17:10,-07:00,2025-10-31T15:17:10-07:00,3,23
projects\projects.js,81,js,2262a3b8,orginalbusta,2025-10-31,15:17:10,-07:00,2025-10-31T15:17:10-07:00,4,54
projects\projects.js,82,js,2262a3b8,orginalbusta,2025-10-31,15:17:10,-07:00,2025-10-31T15:17:10-07:00,4,63
projects\projects.js,83,js,2262a3b8,orginalbusta,2025-10-31,15:17:10,-07:00,2025-10-31T15:17:10-07:00,4,0
projects\projects.js,84,js,2262a3b8,orginalbusta,2025-10-31,15:17:10,-07:00,2025-10-31T15:17:10-07:00,4,66
projects\projects.js,85,js,2262a3b8,orginalbusta,2025-10-31,15:17:10,-07:00,2025-10-31T15:17:10-07:00,4,24
projects\projects.js,86,js,2262a3b8,orginalbusta,2025-10-31,15:17:10,-07:00,2025-10-31T15:17:10-07:00,3,1
projects\projects.js,87,js,2262a3b8,orginalbusta,2025-10-31,15:17:10,-07:00,2025-10-31T15:17:10-07:00,1,1
projects\projects.js,88,js,2262a3b8,orginalbusta,2025-10-31,15:17:10,-07:00,2025-10-31T15:17:10-07:00,0,0
projects\projects.js,89,js,2262a3b8,orginalbusta,2025-10-31,15:17:10,-07:00,2025-10-31T15:17:10-07:00,1,34
projects\projects.js,90,js,2262a3b8,orginalbusta,2025-10-31,15:17:10,-07:00,2025-10-31T15:17:10-07:00,1,32
projects\projects.js,91,js,2262a3b8,orginalbusta,2025-10-31,15:17:10,-07:00,2025-10-31T15:17:10-07:00,1,22
projects\projects.js,92,js,2262a3b8,orginalbusta,2025-10-31,15:17:10,-07:00,2025-10-31T15:17:10-07:00,2,53
projects\projects.js,93,js,2262a3b8,orginalbusta,2025-10-31,15:17:10,-07:00,2025-10-31T15:17:10-07:00,2,4
projects\projects.js,94,js,2262a3b8,orginalbusta,2025-10-31,15:17:10,-07:00,2025-10-31T15:17:10-07:00,3,11
projects\projects.js,95,js,2262a3b8,orginalbusta,2025-10-31,15:17:10,-07:00,2025-10-31T15:17:10-07:00,3,83
projects\projects.js,96,js,2262a3b8,orginalbusta,2025-10-31,15:17:10,-07:00,2025-10-31T15:17:10-07:00,3,27
projects\projects.js,97,js,2262a3b8,orginalbusta,2025-10-31,15:17:10,-07:00,2025-10-31T15:17:10-07:00,3,25
projects\projects.js,98,js,2262a3b8,orginalbusta,2025-10-31,15:17:10,-07:00,2025-10-31T15:17:10-07:00,3,68
projects\projects.js,99,js,2262a3b8,orginalbusta,2025-10-31,15:17:10,-07:00,2025-10-31T15:17:10-07:00,3,18
projects\projects.js,100,js,2262a3b8,orginalbusta,2025-10-31,15:17:10,-07:00,2025-10-31T15:17:10-07:00,4,58
projects\projects.js,101,js,2262a3b8,orginalbusta,2025-10-31,15:17:10,-07:00,2025-10-31T15:17:10-07:00,4,63
projects\projects.js,102,js,2262a3b8,orginalbusta,2025-10-31,15:17:10,-07:00,2025-10-31T15:17:10-07:00,4,0
projects\projects.js,103,js,2262a3b8,orginalbusta,2025-10-31,15:17:10,-07:00,2025-10-31T15:17:10-07:00,4,24
projects\projects.js,104,js,2262a3b8,orginalbusta,2025-10-31,15:17:10,-07:00,2025-10-31T15:17:10-07:00,3,1
projects\projects.js,105,js,2262a3b8,orginalbusta,2025-10-31,15:17:10,-07:00,2025-10-31T15:17:10-07:00,1,1
projects\projects.js,106,js,2262a3b8,orginalbusta,2025-10-31,15:17:10,-07:00,2025-10-31T15:17:10-07:00,0,0
projects\projects.js,107,js,2262a3b8,orginalbusta,2025-10-31,15:17:10,-07:00,2025-10-31T15:17:10-07:00,0,0
projects\projects.js,108,js,2262a3b8,orginalbusta,2025-10-31,15:17:10,-07:00,2025-10-31T15:17:10-07:00,0,68
projects\projects.js,109,js,2262a3b8,orginalbusta,2025-10-31,15:17:10,-07:00,2025-10-31T15:17:10-07:00,0,66
projects\projects.js,110,js,2262a3b8,orginalbusta,2025-10-31,15:17:10,-07:00,2025-10-31T15:17:10-07:00,0,34
projects\projects.js,111,js,2262a3b8,orginalbusta,2025-10-31,15:17:10,-07:00,2025-10-31T15:17:10-07:00,1,24
projects\projects.js,112,js,2262a3b8,orginalbusta,2025-10-31,15:17:10,-07:00,2025-10-31T15:17:10-07:00,1,30
projects\projects.js,113,js,2262a3b8,orginalbusta,2025-10-31,15:17:10,-07:00,2025-10-31T15:17:10-07:00,1,0
projects\projects.js,114,js,2262a3b8,orginalbusta,2025-10-31,15:17:10,-07:00,2025-10-31T15:17:10-07:00,1,36
projects\projects.js,115,js,2262a3b8,orginalbusta,2025-10-31,15:17:10,-07:00,2025-10-31T15:17:10-07:00,1,24
projects\projects.js,116,js,2262a3b8,orginalbusta,2025-10-31,15:17:10,-07:00,2025-10-31T15:17:10-07:00,2,55
projects\projects.js,117,js,2262a3b8,orginalbusta,2025-10-31,15:17:10,-07:00,2025-10-31T15:17:10-07:00,3,59
projects\projects.js,118,js,2262a3b8,orginalbusta,2025-10-31,15:17:10,-07:00,2025-10-31T15:17:10-07:00,3,42
projects\projects.js,119,js,2262a3b8,orginalbusta,2025-10-31,15:17:10,-07:00,2025-10-31T15:17:10-07:00,2,1
projects\projects.js,120,js,2262a3b8,orginalbusta,2025-10-31,15:17:10,-07:00,2025-10-31T15:17:10-07:00,1,0
projects\projects.js,121,js,2262a3b8,orginalbusta,2025-10-31,15:17:10,-07:00,2025-10-31T15:17:10-07:00,1,0
projects\projects.js,122,js,2262a3b8,orginalbusta,2025-10-31,15:17:10,-07:00,2025-10-31T15:17:10-07:00,1,72
projects\projects.js,123,js,2262a3b8,orginalbusta,2025-10-31,15:17:10,-07:00,2025-10-31T15:17:10-07:00,1,26
projects\projects.js,124,js,2262a3b8,orginalbusta,2025-10-31,15:17:10,-07:00,2025-10-31T15:17:10-07:00,2,55
projects\projects.js,125,js,2262a3b8,orginalbusta,2025-10-31,15:17:10,-07:00,2025-10-31T15:17:10-07:00,3,35
projects\projects.js,126,js,2262a3b8,orginalbusta,2025-10-31,15:17:10,-07:00,2025-10-31T15:17:10-07:00,2,1
projects\projects.js,127,js,2262a3b8,orginalbusta,2025-10-31,15:17:10,-07:00,2025-10-31T15:17:10-07:00,1,0
projects\projects.js,128,js,2262a3b8,orginalbusta,2025-10-31,15:17:10,-07:00,2025-10-31T15:17:10-07:00,1,0
projects\projects.js,129,js,2262a3b8,orginalbusta,2025-10-31,15:17:10,-07:00,2025-10-31T15:17:10-07:00,1,41
projects\projects.js,130,js,2262a3b8,orginalbusta,2025-10-31,15:17:10,-07:00,2025-10-31T15:17:10-07:00,1,56
projects\projects.js,131,js,2262a3b8,orginalbusta,2025-10-31,15:17:10,-07:00,2025-10-31T15:17:10-07:00,1,0
projects\projects.js,132,js,2262a3b8,orginalbusta,2025-10-31,15:17:10,-07:00,2025-10-31T15:17:10-07:00,1,43
projects\projects.js,133,js,2262a3b8,orginalbusta,2025-10-31,15:17:10,-07:00,2025-10-31T15:17:10-07:00,1,31
projects\projects.js,134,js,2262a3b8,orginalbusta,2025-10-31,15:17:10,-07:00,2025-10-31T15:17:10-07:00,0,0
projects\projects.js,135,js,2262a3b8,orginalbusta,2025-10-31,15:17:10,-07:00,2025-10-31T15:17:10-07:00,0,0
projects\projects.js,136,js,2262a3b8,orginalbusta,2025-10-31,15:17:10,-07:00,2025-10-31T15:17:10-07:00,0,32
projects\projects.js,137,js,2262a3b8,orginalbusta,2025-10-31,15:17:10,-07:00,2025-10-31T15:17:10-07:00,0,23
projects\projects.js,138,js,2262a3b8,orginalbusta,2025-10-31,15:17:10,-07:00,2025-10-31T15:17:10-07:00,0,0
projects\projects.js,139,js,2262a3b8,orginalbusta,2025-10-31,15:17:10,-07:00,2025-10-31T15:17:10-07:00,0,39
projects\projects.js,140,js,2262a3b8,orginalbusta,2025-10-31,15:17:10,-07:00,2025-10-31T15:17:10-07:00,0,13
projects\projects.js,141,js,2262a3b8,orginalbusta,2025-10-31,15:17:10,-07:00,2025-10-31T15:17:10-07:00,0,53
projects\projects.js,142,js,2262a3b8,orginalbusta,2025-10-31,15:17:10,-07:00,2025-10-31T15:17:10-07:00,0,0
projects\projects.js,143,js,2262a3b8,orginalbusta,2025-10-31,15:17:10,-07:00,2025-10-31T15:17:10-07:00,0,48
projects\projects.js,144,js,2262a3b8,orginalbusta,2025-10-31,15:17:10,-07:00,2025-10-31T15:17:10-07:00,1,19
projects\projects.js,145,js,2262a3b8,orginalbusta,2025-10-31,15:17:10,-07:00,2025-10-31T15:17:10-07:00,1,25
projects\projects.js,146,js,2262a3b8,orginalbusta,2025-10-31,15:17:10,-07:00,2025-10-31T15:17:10-07:00,1,0
projects\projects.js,147,js,2262a3b8,orginalbusta,2025-10-31,15:17:10,-07:00,2025-10-31T15:17:10-07:00,1,36
projects\projects.js,148,js,2262a3b8,orginalbusta,2025-10-31,15:17:10,-07:00,2025-10-31T15:17:10-07:00,1,24
projects\projects.js,149,js,2262a3b8,orginalbusta,2025-10-31,15:17:10,-07:00,2025-10-31T15:17:10-07:00,0,1
projects\projects.js,150,js,2262a3b8,orginalbusta,2025-10-31,15:17:10,-07:00,2025-10-31T15:17:10-07:00,0,0
projects\index.html,1,html,992c5a0,orginalbusta,2025-10-24,16:48:05,-07:00,2025-10-24T16:48:05-07:00,0,13
projects\index.html,2,html,992c5a0,orginalbusta,2025-10-24,16:48:05,-07:00,2025-10-24T16:48:05-07:00,0,14
projects\index.html,3,html,992c5a0,orginalbusta,2025-10-24,16:48:05,-07:00,2025-10-24T16:48:05-07:00,0,4
projects\index.html,4,html,992c5a0,orginalbusta,2025-10-24,16:48:05,-07:00,2025-10-24T16:48:05-07:00,1,20
projects\index.html,5,html,992c5a0,orginalbusta,2025-10-24,16:48:05,-07:00,2025-10-24T16:48:05-07:00,1,68
projects\index.html,6,html,992c5a0,orginalbusta,2025-10-24,16:48:05,-07:00,2025-10-24T16:48:05-07:00,1,34
projects\index.html,7,html,992c5a0,orginalbusta,2025-10-24,16:48:05,-07:00,2025-10-24T16:48:05-07:00,1,41
projects\index.html,8,html,992c5a0,orginalbusta,2025-10-24,16:48:05,-07:00,2025-10-24T16:48:05-07:00,1,48
projects\index.html,9,html,992c5a0,orginalbusta,2025-10-24,16:48:05,-07:00,2025-10-24T16:48:05-07:00,1,47
projects\index.html,10,html,992c5a0,orginalbusta,2025-10-24,16:48:05,-07:00,2025-10-24T16:48:05-07:00,0,5
projects\index.html,11,html,992c5a0,orginalbusta,2025-10-24,16:48:05,-07:00,2025-10-24T16:48:05-07:00,0,4
projects\index.html,12,html,992c5a0,orginalbusta,2025-10-24,16:48:05,-07:00,2025-10-24T16:48:05-07:00,0,0
projects\index.html,13,html,992c5a0,orginalbusta,2025-10-24,16:48:05,-07:00,2025-10-24T16:48:05-07:00,0,38
projects\index.html,14,html,992c5a0,orginalbusta,2025-10-24,16:48:05,-07:00,2025-10-24T16:48:05-07:00,0,0
projects\index.html,15,html,2262a3b8,orginalbusta,2025-10-31,15:17:10,-07:00,2025-10-31T15:17:10-07:00,0,21
projects\index.html,16,html,2262a3b8,orginalbusta,2025-10-31,15:17:10,-07:00,2025-10-31T15:17:10-07:00,1,52
projects\index.html,17,html,2262a3b8,orginalbusta,2025-10-31,15:17:10,-07:00,2025-10-31T15:17:10-07:00,2,51
projects\index.html,18,html,2262a3b8,orginalbusta,2025-10-31,15:17:10,-07:00,2025-10-31T15:17:10-07:00,1,4
projects\index.html,19,html,2262a3b8,orginalbusta,2025-10-31,15:17:10,-07:00,2025-10-31T15:17:10-07:00,1,22
projects\index.html,20,html,2262a3b8,orginalbusta,2025-10-31,15:17:10,-07:00,2025-10-31T15:17:10-07:00,0,4
projects\index.html,21,html,2262a3b8,orginalbusta,2025-10-31,15:17:10,-07:00,2025-10-31T15:17:10-07:00,0,0
projects\index.html,22,html,2262a3b8,orginalbusta,2025-10-31,15:17:10,-07:00,2025-10-31T15:17:10-07:00,0,4
projects\index.html,23,html,2262a3b8,orginalbusta,2025-10-31,15:17:10,-07:00,2025-10-31T15:17:10-07:00,1,15
projects\index.html,24,html,2262a3b8,orginalbusta,2025-10-31,15:17:10,-07:00,2025-10-31T15:17:10-07:00,1,11
projects\index.html,25,html,2262a3b8,orginalbusta,2025-10-31,15:17:10,-07:00,2025-10-31T15:17:10-07:00,1,26
projects\index.html,26,html,2262a3b8,orginalbusta,2025-10-31,15:17:10,-07:00,2025-10-31T15:17:10-07:00,1,31
projects\index.html,27,html,2262a3b8,orginalbusta,2025-10-31,15:17:10,-07:00,2025-10-31T15:17:10-07:00,0,0
projects\index.html,28,html,2262a3b8,orginalbusta,2025-10-31,15:17:10,-07:00,2025-10-31T15:17:10-07:00,0,0
projects\index.html,29,html,992c5a0,orginalbusta,2025-10-24,16:48:05,-07:00,2025-10-24T16:48:05-07:00,0,20
projects\index.html,30,html,992c5a0,orginalbusta,2025-10-24,16:48:05,-07:00,2025-10-24T16:48:05-07:00,1,61
projects\index.html,31,html,992c5a0,orginalbusta,2025-10-24,16:48:05,-07:00,2025-10-24T16:48:05-07:00,0,4
projects\index.html,32,html,992c5a0,orginalbusta,2025-10-24,16:48:05,-07:00,2025-10-24T16:48:05-07:00,0,0
projects\index.html,33,html,992c5a0,orginalbusta,2025-10-24,16:48:05,-07:00,2025-10-24T16:48:05-07:00,0,5
projects\index.html,34,html,992c5a0,orginalbusta,2025-10-24,16:48:05,-07:00,2025-10-24T16:48:05-07:00,0,5
contact\index.html,1,html,992c5a0,orginalbusta,2025-10-24,16:48:05,-07:00,2025-10-24T16:48:05-07:00,0,13
contact\index.html,2,html,992c5a0,orginalbusta,2025-10-24,16:48:05,-07:00,2025-10-24T16:48:05-07:00,0,14
contact\index.html,3,html,992c5a0,orginalbusta,2025-10-24,16:48:05,-07:00,2025-10-24T16:48:05-07:00,0,4
contact\index.html,4,html,992c5a0,orginalbusta,2025-10-24,16:48:05,-07:00,2025-10-24T16:48:05-07:00,1,22
contact\index.html,5,html,992c5a0,orginalbusta,2025-10-24,16:48:05,-07:00,2025-10-24T16:48:05-07:00,1,70
contact\index.html,6,html,992c5a0,orginalbusta,2025-10-24,16:48:05,-07:00,2025-10-24T16:48:05-07:00,1,33
contact\index.html,7,html,992c5a0,orginalbusta,2025-10-24,16:48:05,-07:00,2025-10-24T16:48:05-07:00,1,43
contact\index.html,8,html,992c5a0,orginalbusta,2025-10-24,16:48:05,-07:00,2025-10-24T16:48:05-07:00,1,48
contact\index.html,9,html,992c5a0,orginalbusta,2025-10-24,16:48:05,-07:00,2025-10-24T16:48:05-07:00,0,5
contact\index.html,10,html,992c5a0,orginalbusta,2025-10-24,16:48:05,-07:00,2025-10-24T16:48:05-07:00,0,4
contact\index.html,11,html,992c5a0,orginalbusta,2025-10-24,16:48:05,-07:00,2025-10-24T16:48:05-07:00,0,0
contact\index.html,12,html,992c5a0,orginalbusta,2025-10-24,16:48:05,-07:00,2025-10-24T16:48:05-07:00,1,14
contact\index.html,13,html,992c5a0,orginalbusta,2025-10-24,16:48:05,-07:00,2025-10-24T16:48:05-07:00,1,39
contact\index.html,14,html,992c5a0,orginalbusta,2025-10-24,16:48:05,-07:00,2025-10-24T16:48:05-07:00,0,0
contact\index.html,15,html,992c5a0,orginalbusta,2025-10-24,16:48:05,-07:00,2025-10-24T16:48:05-07:00,1,42
contact\index.html,16,html,992c5a0,orginalbusta,2025-10-24,16:48:05,-07:00,2025-10-24T16:48:05-07:00,1,48
contact\index.html,17,html,992c5a0,orginalbusta,2025-10-24,16:48:05,-07:00,2025-10-24T16:48:05-07:00,2,5
contact\index.html,18,html,992c5a0,orginalbusta,2025-10-24,16:48:05,-07:00,2025-10-24T16:48:05-07:00,3,5
contact\index.html,19,html,992c5a0,orginalbusta,2025-10-24,16:48:05,-07:00,2025-10-24T16:48:05-07:00,3,59
contact\index.html,20,html,992c5a0,orginalbusta,2025-10-24,16:48:05,-07:00,2025-10-24T16:48:05-07:00,2,6
contact\index.html,21,html,992c5a0,orginalbusta,2025-10-24,16:48:05,-07:00,2025-10-24T16:48:05-07:00,0,0
contact\index.html,22,html,992c5a0,orginalbusta,2025-10-24,16:48:05,-07:00,2025-10-24T16:48:05-07:00,2,5
contact\index.html,23,html,992c5a0,orginalbusta,2025-10-24,16:48:05,-07:00,2025-10-24T16:48:05-07:00,3,5
contact\index.html,24,html,992c5a0,orginalbusta,2025-10-24,16:48:05,-07:00,2025-10-24T16:48:05-07:00,3,91
contact\index.html,25,html,992c5a0,orginalbusta,2025-10-24,16:48:05,-07:00,2025-10-24T16:48:05-07:00,2,6
contact\index.html,26,html,992c5a0,orginalbusta,2025-10-24,16:48:05,-07:00,2025-10-24T16:48:05-07:00,0,0
contact\index.html,27,html,992c5a0,orginalbusta,2025-10-24,16:48:05,-07:00,2025-10-24T16:48:05-07:00,2,19
contact\index.html,28,html,992c5a0,orginalbusta,2025-10-24,16:48:05,-07:00,2025-10-24T16:48:05-07:00,1,5
contact\index.html,29,html,992c5a0,orginalbusta,2025-10-24,16:48:05,-07:00,2025-10-24T16:48:05-07:00,0,0
contact\index.html,30,html,992c5a0,orginalbusta,2025-10-24,16:48:05,-07:00,2025-10-24T16:48:05-07:00,0,5
contact\index.html,31,html,992c5a0,orginalbusta,2025-10-24,16:48:05,-07:00,2025-10-24T16:48:05-07:00,0,5
